COMEX_Gold_close,COMEX_Gold_open,COMEX_Gold_high,COMEX_Gold_low,COMEX_Gold_volume,LIFFE_Gold_close,LIFFE_Gold_open,LIFFE_Gold_high,LIFFE_Gold_low,LME_Lead_close,LME_Lead_open,LME_Lead_high,LME_Lead_low,LME_Lead_volume,LME_Copper_close,LME_Copper_open,LME_Copper_high,LME_Copper_low,LME_Copper_volume,LME_Aluminum_close,LME_Aluminum_open,LME_Aluminum_high,LME_Aluminum_low,LME_Aluminum_volume,LME_Tin_close,LME_Tin_open,LME_Tin_high,LME_Tin_low,LME_Tin_volume,LME_Zinc_close,LME_Zinc_open,LME_Zinc_high,LME_Zinc_low,LME_Zinc_volume,NYMEX_NaturalGas_close,NYMEX_NaturalGas_open,NYMEX_NaturalGas_high,NYMEX_NaturalGas_low,NYMEX_NaturalGas_volume,NYMEX_Crude_close,NYMEX_Crude_open,NYMEX_Crude_high,NYMEX_Crude_low,NYMEX_Crude_volume,LME_Nickel_close
,,,,,,,,,,,,,,,,,,,,,,,,,,,,,,,,,,,,,,,,,,,,
1319.1,1309.1,1320.4,1305.1,18577,1312.37,1302.66,1319.01,1302.59,2558,2498,2570,2488,1703,7216.5,7251.5,7285,7196,4572,2265,2280,2290,2252.5,2707,3347,3316,3352,3293,2923,19835,19995,20100,19800,164,3.037,3.078,3.097,2.923,24599,60.37,60.18,60.74,60.1,25854,12655
1314.5,1319,1323,1308.9,26988,1316.45,1317.75,1321.56,1307.6,2577,2558,2580,2545.5,1377,7174.5,7210,7212.5,7132.5,4554,2229.5,2258,2267,2226,2046,3330,3347,3347,3317,2022,19900,20100,20100,19765,121,3.012,3.04,3.056,2.959,17426,61.93,60.39,61.97,60.28,26372,12450
1324,1315.5,1327.3,1307.1,29338,1319.37,1313.18,1326.07,1305.98,2571,2577,2594,2544,1308,7185.5,7166,7265,7150,5333,2245.5,2228,2256,2212,2336,3355.5,3330,3364,3318,2519,19875,19900,19965,19850,74,2.872,3.015,3.07,2.84,24773,61.89,61.96,62.21,61.59,27919,12640
1320.3,1323.9,1324.7,1314.6,28055,1318.99,1321.82,1323.47,1313.77,2555,2571,2589,2538,1132,7118,7198.5,7217.5,7107,5070,2205.5,2245,2252.5,2201,2150,3352,3355.5,3380,3347.5,2455,19975,19875,19975,19860,71,2.788,2.874,2.887,2.746,18368,61.59,61.9,62.04,61.09,25505,12545
1321.2,1321.8,1323,1315.7,17582,1319.21,1320.99,1322.2,1314.91,2604.5,2555,2610,2547.5,1484,7125,7133.5,7160,7105,4164,2174,2205.5,2214.5,2171,2240,3384.5,3352,3390,3341,2239,19970,19975,20035,19875,73,2.838,2.812,2.869,2.784,14553,61.9,61.61,61.97,61.34,23879,12575
1313.6,1321.3,1321.4,1309.5,21696,1311.76,1320.3,1320.75,1308.97,2548,2604.5,2607,2542,1362,7105.5,7125,7187.5,7086,5232,2155.5,2174,2184,2149.5,1683,3335.5,3380.5,3400,3333,2582,19960,19970,20020,19925,81,2.957,2.839,2.966,2.825,17228,63.48,61.92,63.48,61.8,34359,12665
1317.4,1313.1,1328.6,1308.9,31150,1318.41,1312.2,1327.77,1308.33,2553,2548,2580,2542,1123,7146,7105.5,7225,7098,5006,2186,2155,2190,2155,2083,3350,3331,3364.5,3317.5,2867,20065,19960,20075,19935,83,2.908,2.964,2.989,2.869,15737,63.5,63.41,63.67,63.09,29275,12865
1323,1317.5,1324.7,1316.1,22095,1320.87,1317.15,1324.02,1315.79,2549,2553,2575,2541,1054,7128.5,7146,7185,7081,5293,2182,2183,2208.5,2170,2144,3380.5,3354,3395,3346.5,2499,20165,20000,20225,20000,151,3.136,2.906,3.139,2.884,22231,63.55,63.48,64.77,63.43,32040,12610
1338.3,1323.3,1340,1321,31082,1330.64,1321.9,1341.43,1321.67,2543,2549,2563.5,2517,1217,7112.5,7128.5,7171,7100,4652,2220,2180.5,2230,2180.5,2518,3397.5,3380,3409,3373,2490,20280,20165,20280,20100,103,3.208,3.137,3.224,3.07,26880,64.4,63.56,64.5,63.06,31415,12665
1340.5,1337.1,1345,1336.3,17507,1340.39,1336.47,1344.81,1336.09,2582.5,2543,2587,2538,771,7206,7130.5,7262,7130,5349,2226,2220,2250,2218.5,1766,3433,3397.5,3440,3395,2192,20300,20280,20350,20245,80,3.131,3.128,3.176,3.087,9319,64.81,64.42,64.89,64.09,14987,12865
1338.8,1340.9,1342.6,1332.1,26818,1334.99,1339.52,1342.36,1331.97,2562.5,2582.5,2582.5,2531,1460,7111.5,7218,7221,7035.5,8299,2196,2226,2229,2170,2733,3407,3433,3433,3353,3272,20450,20300,20485,20015,209,3.125,3.13,3.175,3.039,19774,63.88,64.8,64.81,63.39,25105,12550
1327.3,1338.9,1344.5,1326.6,31517,1335.65,1338.84,1344.05,1326.2,2562,2562.5,2570,2531.5,1263,7058.5,7106,7116,7027,5542,2195,2196,2199,2181,1841,3378.5,3407,3416,3365.5,2439,20495,20450,20500,20400,116,3.247,3.124,3.288,3.098,19382,64.09,63.92,64.17,63.31,15812,12410
1327,1327.2,1333.3,1324.3,27233,1329.17,1326.98,1333.18,1324.33,2604,2562,2613.5,2550.5,1635,7074.5,7058.5,7105,7036.5,4245,2244,2190.5,2244,2185,2143,3375,3371,3401,3367,2029,20390,20495,20535,20390,118,3.197,3.259,3.259,3.07,21337,63.72,64.08,64.35,63.47,10570,12465
1331.1,1327.3,1338.2,1326.6,22668,1333.11,1326.55,1338.17,1326.45,2586,2604,2630.5,2572,1520,7045,7083.5,7146.5,7041,6537,2215,2244,2270.5,2214.5,2873,3407,3375,3444,3375,2828,20580,20390,20630,20390,131,3.18,3.2,3.246,3.133,17177,63.57,63.74,63.77,62.85,6211,12680
1333.4,1334.2,1335.8,1328,20074,1334.15,1333.77,1335.8,1328.51,2610.5,2586,2624.5,2576,1190,7077,7049,7116.5,7049,4726,2247.5,2215,2250.5,2214,1616,3416.5,3398,3429,3394,1764,20745,20580,20800,20540,105,3.248,3.255,3.269,3.143,14964,63.49,63.6,64.14,63.17,1091,12745
1341,1333.3,1341.5,1330.7,22585,1337.99,1333.34,1341.88,1331.45,2608,2610.5,2636.5,2596,1201,6901,7090,7099.5,6885,10600,2228,2246,2248,2206.5,1731,3410,3418.5,3428,3398,2008,20755,20745,20775,20610,102,3.541,3.254,3.628,3.248,20731,64.47,63.88,64.88,63.49,34754,12820
1357.8,1341.4,1361.6,1339.1,26785,1352.76,1341,1362.1,1339.6,2633.5,2608,2649.5,2594.5,1279,7144.5,6919,7173.5,6912.5,9731,2247,2228,2254.5,2208.5,2446,3439.5,3410,3456,3381.5,2920,21025,20755,21090,20710,191,3.433,3.538,3.624,3.404,22717,65.88,64.36,66.05,64.34,42741,13535
1346.9,1357.1,1365.4,1341,39771,1357.45,1357.53,1366.15,1342.55,2584.5,2633.5,2653,2580,1465,7114,7155.5,7208,7110.5,7083,2232.5,2248,2270,2232,2105,3460,3439.5,3481.5,3433.5,2761,21265,21025,21380,20900,251,3.436,3.436,3.581,3.398,13758,65.23,65.87,66.66,65.08,40967,13720
1348.7,1346.3,1356,1343.7,23136,1352.03,1347.17,1357.2,1344.68,2608,2584.5,2624,2582,1252,7091,7094,7150,7061.5,6274,2260,2231,2264,2224,1747,3485,3455,3491,3437,2392,21640,21265,21895,21170,284,3.52,3.437,3.611,3.41,7779,66.24,65.25,66.35,64.91,34041,13635
1338.7,1349.1,1351.4,1336.1,14513,1339.45,1350.39,1352.44,1337.71,2598.5,2605,2650,2585.5,1381,7089,7091,7169,7071.5,4410,2228,2260,2270,2222,1529,3549,3485,3584,3482,3254,21930,21640,22000,21640,231,3.631,3.39,3.661,3.297,2478,65.52,66.18,66.46,64.98,32599,13845
1337.5,1339.4,1347.8,1332.8,3005,1341.51,1341.07,1348.98,1334.54,2601.5,2598.5,2624,2582.5,1066,7080,7091,7121,6994,7569,2224,2228,2239.5,2195,2254,3513.5,3549,3556.5,3495.5,2983,21625,21930,21930,19625,199,3.163,3.188,3.259,3.161,21486,63.99,65.54,65.56,63.89,36913,13395
1348.5,1341.8,1351,1335.5,33851,1342.32,1337.32,1347.63,1332.82,2618,2601.5,2636,2590,1401,7101,7080.5,7165.5,7047.5,5871,2209.5,2222,2232,2208.5,1889,3528.5,3513.5,3542,3497,3050,21645,21625,21835,21620,175,2.958,3.165,3.183,2.949,24272,64.77,64.03,64.94,63.67,36058,13490
1351.9,1348.2,1354.3,1340.2,26361,1341.72,1343.83,1351.08,1337.34,2665,2615,2668,2615,1871,7117,7120,7139.5,7063,5868,2232,2212,2235,2188.5,2064,3562,3528,3567.5,3503.5,2418,21470,21645,21750,21360,209,2.885,2.956,2.978,2.837,21388,65.98,64.76,66.25,64.63,33147,13955
1335.2,1352.2,1353.3,1330.1,37294,1329.6,1347.93,1350.15,1327.46,2668,2665,2685,2626,1916,7079,7130,7188.5,7029,8041,2214.5,2230.5,2235,2206,1664,3512.5,3555,3572,3484,3219,21575,21470,21650,21455,140,2.863,2.891,2.92,2.84,13824,65.06,65.99,66.3,64.47,40737,13505
1342.4,1334.6,1344.6,1331.6,28180,1335.03,1331.13,1341.53,1329.08,2639.5,2668,2673.5,2635.5,1223,7128,7060.5,7220,7050.5,7081,2207,2214,2215,2192,2023,3517,3512.5,3550,3491,2509,21780,21575,21940,21555,186,2.759,2.825,2.88,2.736,13035,63.43,65.1,65.4,63.42,43285,13670
1326.9,1342.9,1349.3,1322.8,45396,1328.04,1338.15,1346.21,1320.26,2595.5,2639.5,2640,2588,1630,7083,7111,7140,7025,9309,2170,2201.5,2202,2170,2357,3470.5,3510.5,3511,3453,3391,21705,21780,21870,21560,147,2.763,2.767,2.785,2.695,11312,63.92,63.44,64.29,63.12,44719,13345
1320.6,1326.6,1334.8,1313.5,28371,1320.58,1324.6,1332.36,1311.51,2524,2604,2611,2500,1906,6876,7121,7161,6865,11679,2160.5,2177.5,2210,2152,2882,3383,3475,3507.5,3370,3461,21525,21705,21880,21525,143,2.701,2.761,2.782,2.688,11673,61.73,63.93,64.18,61.25,53860,13175
1320.8,1320.7,1324.4,1309,30189,1314.56,1317.31,1322.23,1307.17,2528,2524,2537,2424.5,2186,6859,6892,6941,6809,9781,2169.5,2160,2176,2148,2394,3422,3395,3430,3369.5,3518,21325,21525,21635,21260,200,2.691,2.702,2.758,2.681,10908,60.42,61.7,62.09,60.27,45728,13165
1318.1,1320.3,1325,1313.2,30236,1314.75,1318.55,1322.81,1311.25,2538,2528,2544,2489.5,1794,6750,6840,6858,6733,8643,2121.5,2165,2172.5,2121,3107,3381.5,3415,3415,3351.5,3341,21050,21325,21530,20990,188,2.605,2.688,2.704,2.576,10874,59.05,60.43,60.77,58.07,53760,12960
1325.1,1317.5,1330,1316.3,19030,1324.04,1315.44,1326.8,1314.28,2517,2538,2546,2497,1201,6862,6786,6889,6786,5650,2133,2127.5,2152,2117,2318,3395,3386,3412,3373,2858,21105,21050,21200,21050,105,2.565,2.553,2.607,2.538,9493,59.38,59.12,60.83,59.05,39744,13105
1332,1325,1333.5,1323.7,17284,1328.12,1322.74,1331.1,1321.68,2550.5,2517,2565,2503,1086,7017,6862,7025,6843,7834,2139.5,2133,2151,2123,2450,3469,3395,3477,3388.5,2707,21575,21105,21600,21105,152,2.607,2.566,2.642,2.562,8497,58.95,59.35,59.73,58.39,31717,13425
1353.6,1331.9,1358.6,1319.1,35839,1348.13,1329.29,1355.62,1317.91,2583,2550.5,2593,2536.5,1467,7162.5,7018,7176.5,6965.5,7653,2187.5,2133.5,2201,2112.5,3409,3568,3469,3574.5,3452,3193,21570,21575,21645,21540,85,2.614,2.608,2.623,2.553,7756,60.74,58.98,60.9,58.2,32100,13980
1356.3,1353,1359.8,1350.8,19568,1350.9,1349.91,1357.2,1348.67,2612,2575,2621.5,2569,1161,7189,7166,7202,7125.5,5767,2154,2133.5,2201,2133.5,2334,3582,3464.5,3595.5,3464.5,2337,21570,21585,21630,21425,107,2.581,2.613,2.623,2.53,9280,61.42,60.71,61.64,59.72,24938,14150
1349.4,1356.8,1364.4,1347.3,24200,1355.7,1353.66,1361.82,1344.87,2607.5,2612,2639,2603.5,1101,7184,7189,7253,7181,5437,2199.5,2154,2217,2154,2505,3566,3582,3592.5,3565,1642,21765,21570,21775,21570,85,2.572,2.584,2.589,2.539,5711,61.61,61.43,61.99,60.88,16786,13670
1348.9,1350.2,1354,1348.3,9184,1348.11,1347.23,1351.47,1345.9,2588,2607.5,2615,2571,819,7137.5,7184,7206,7088,2740,2201,2199.5,2228,2165.5,1754,3567.5,3565,3576.5,3544,1079,21400,21765,21850,21400,84,2.565,2.569,2.618,2.562,3179,62.5,61.64,62.57,61.63,1366,13670
1331.4,1349.2,1350.7,1330.6,21272,1338.22,1347.84,1348.3,1328.54,2588,2588,2604,2556,785,7076.5,7137.5,7137.5,7060,3388,2187,2201,2218,2182,1864,3551,3567.5,3573,3538.5,1399,21390,21400,21540,21230,93,2.637,2.595,2.662,2.565,6340,61.9,62.44,62.74,61.58,965,13520
1326.6,1331.2,1338.5,1324.4,24322,1330.3,1329.2,1336.31,1322.5,2562,2588,2592,2546,947,7135,7076.5,7144.5,7034.5,3512,2207.5,2187,2208,2160,1777,3535.5,3551,3551,3515,1712,21605,21390,21665,21375,124,2.652,2.638,2.68,2.565,5442,61.34,61.63,61.9,60.92,28719,13780
1334,1326.2,1334.4,1322.9,17233,1328.14,1324.35,1332.31,1321.04,2552,2560,2567,2515,1334,7170.5,7088,7193,7003.5,6954,2185.5,2200,2200,2161,2498,3530,3535.5,3535.5,3437,3802,21485,21605,21605,21475,98,2.616,2.657,2.67,2.607,3203,62.65,61.35,63.09,60.75,36219,13820
1330.5,1333.7,1334.2,1327.7,13760,1328.61,1331.58,1332.54,1325.9,2540,2532.5,2558.5,2515,1201,7110,7166,7167.5,7083.5,4509,2147.5,2179,2196,2140,2514,3509.5,3480,3525.5,3472,2740,21565,21500,21650,21415,94,2.631,2.619,2.633,2.555,3163,63.57,62.6,63.73,62.33,25087,13740
1334.9,1330.1,1342.9,1328,20119,1332.01,1329.5,1341.06,1326.66,2577,2540,2596,2540,1290,7111.5,7110,7179,7092,4560,2139,2150,2169.5,2137,1797,3530.5,3509.5,3550,3506,2011,21575,21565,21725,21540,87,2.639,2.639,2.68,2.586,1233,64,63.6,64.24,63.06,30391,13935
1319.2,1334.7,1338.4,1314.4,28446,1317.11,1333.11,1336.8,1313.55,2570.5,2577,2586,2558,846,7028,7111.5,7143,6988.5,6639,2148,2139,2159.5,2136.5,1779,3489,3530,3543.5,3475.5,2287,21750,21575,21750,21540,248,2.694,2.682,2.702,2.633,6516,62.84,64.05,64.08,62.64,34115,13840
1319.4,1319.1,1323.7,1316.7,17874,1318.39,1317.82,1322.55,1315.69,2502,2584,2584,2500,1505,6936.5,7020,7037.5,6923.5,5750,2131.5,2148,2153.5,2129,1862,3454,3489,3489,3444.5,2960,21530,21750,21750,21525,122,2.669,2.691,2.71,2.659,6167,61.55,62.8,63.44,61.36,44349,13745
1318.1,1319.3,1322.3,1303.6,33742,1305.68,1318.71,1321.15,1302.89,2446,2502,2504.5,2443.5,1816,6887.5,6930,6965,6858.5,6839,2148,2131.5,2164.5,2118,2809,3403.5,3454,3473,3366,4138,21635,21530,21680,21460,164,2.693,2.667,2.731,2.642,11564,61.34,61.53,61.83,60.18,54873,13395
1323.7,1318,1326.6,1316.2,21885,1320.14,1316.32,1325.49,1315.29,2455,2447.5,2469,2423,1314,6916.5,6924,6960,6881,5309,2148.5,2148,2162,2137,1576,3364.5,3403.5,3429.5,3350,3352,21550,21635,21635,21425,131,2.711,2.694,2.728,2.686,5594,61.45,61.35,61.6,60.13,42462,13485
1320.9,1324.9,1328.9,1318.3,18175,1321.59,1323.65,1327.83,1317.61,2431,2455,2464.5,2410,1340,6925,6932,6943,6855,4768,2146.5,2148.5,2158,2134.5,1754,3308,3364.5,3386,3273.5,4470,21580,21550,21595,21475,89,2.705,2.72,2.726,2.673,5347,62.61,61.58,62.79,61.1,37183,13400
1335.7,1321,1339.9,1320.8,21701,1336.77,1320.16,1338.58,1320.05,2430,2431,2445,2410,1225,6992.5,6936,7029.5,6928.5,4628,2141,2146.5,2157,2138,1473,3307,3305,3345.5,3272,3070,21430,21580,21580,21400,122,2.752,2.706,2.757,2.702,5234,62.36,62.6,63.28,62.17,37542,13640
1326.3,1339.4,1342,1323,25096,1326.87,1339.6,1340.59,1322.27,2377.5,2430,2443.5,2365.5,1309,6941,6972,6990,6905,4658,2100,2143,2147,2097,2418,3273.5,3306,3323,3260,2680,21400,21430,21470,21270,116,2.785,2.75,2.789,2.744,4506,61.35,62.3,62.58,60.58,50869,13530
1322.5,1326.2,1329.8,1319.6,18665,1319.79,1325.74,1329.08,1319.11,2348.5,2377.5,2399,2334,1420,6823,6941,6952.5,6809,5361,2107.5,2101,2115,2093,2013,3227,3273.5,3288.5,3210,3063,21535,21400,21580,21230,184,2.745,2.786,2.793,2.737,5721,60.33,61.34,61.4,59.95,38238,13200
1324,1322.7,1325.9,1313.2,33305,1321.2,1321.5,1325.25,1312.96,2386.5,2348.5,2390,2329,1654,6957.5,6823,6971.5,6777,7150,2120,2107.5,2134,2093,1934,3296,3230,3300,3186,3437,21445,21535,21535,21255,150,2.717,2.742,2.752,2.712,5935,62.12,60.27,62.18,60.14,36349,13820
1323.5,1323.6,1324.7,1315.3,16435,1318.36,1324.06,1324.38,1315.18,2336,2386.5,2387.5,2311.5,1206,6909.5,6957.5,6992,6886.5,4846,2095,2121,2124,2091,1549,3234.5,3300,3300,3228.5,2678,21375,21445,21450,21310,102,2.786,2.731,2.804,2.718,5331,61.38,62.09,62.33,60.67,29815,13675
1326.8,1324,1328.8,1313.8,28108,1326.28,1322.75,1328.36,1314.17,2398,2336,2400,2332.5,1720,6949.5,6915,6959,6873.5,4452,2104,2094,2107,2087.5,1734,3294.5,3260,3300,3247.5,2780,21160,21375,21430,21150,147,2.788,2.783,2.811,2.776,4658,60.85,61.34,61.97,60.27,39950,13905
1325,1326.7,1330.5,1321.7,21191,1323.99,1326.83,1330.11,1321.55,2392.5,2399,2448,2384,1955,6985.5,6952.5,7064,6925,6665,2089,2103,2126.5,2087,1945,3209,3295.5,3305,3206,3009,21150,21160,21270,21065,124,2.738,2.787,2.798,2.71,6449,60.93,60.87,61.33,60.11,43155,13795
1316.2,1324.7,1328.1,1314.9,20391,1317.04,1324.71,1328,1315.03,2410,2391,2416.5,2374.5,1289,6923.5,6982,7011.5,6890,5101,2086.5,2091,2104,2070.5,1757,3229,3213,3245,3205,2768,21025,21175,21230,20600,263,2.684,2.739,2.75,2.664,7001,61.19,60.95,61.54,60.82,21131,13640
1313.9,1316.4,1321.8,1309.5,21321,1313.54,1316.53,1321.82,1309.74,2378.5,2398.5,2432,2370,1250,6890,6922,6974,6852,4614,2087,2081,2098.5,2076.5,1405,3256.5,3233.5,3277.5,3215,2540,21000,21000,21035,20835,108,2.696,2.685,2.701,2.667,2753,62.25,61.19,62.54,61.08,12082,13590
1316.7,1312.9,1319.6,1307.4,19758,1319.33,1313.73,1319.7,1307.86,2361,2377.5,2396.5,2358,1159,6835.5,6872.5,6880,6785,5728,2089,2083,2096.5,2069,1419,3261,3238,3273.5,3215,2582,20780,20985,21000,20650,214,2.659,2.683,2.71,2.64,4192,62.16,62.23,62.35,61.36,5778,13470
1310.9,1316.5,1318.1,1306.6,18050,1312.22,1316.88,1318.34,1307.23,2347.5,2364,2371,2320,1351,6754.5,6832.5,6865.5,6730,6083,2080.5,2085,2096.5,2071,1576,3204.5,3251.5,3258.5,3193,3174,20675,20835,20885,20650,135,2.677,2.66,2.695,2.65,3316,63.4,62.1,63.81,62.08,768,13465
1332.5,1310.6,1336.9,1309.5,36804,1324.93,1310.72,1336.7,1309.92,2397,2350.5,2414.5,2349,1469,6816.5,6755,6825.5,6702,6363,2080,2080,2092,2062.5,1597,3249.5,3207,3258,3183,2795,21030,20735,21035,20620,179,2.648,2.675,2.708,2.634,3634,65.49,63.69,65.55,63.58,45525,13465
1328.9,1332,1335,1324.6,22307,1327.58,1332.3,1335.01,1324.88,2368,2398,2420,2351,1285,6730.5,6841.5,6860,6674,7244,2069.5,2083,2105.5,2063,1759,3215,3252,3282,3182.5,2705,20940,20935,20995,20805,173,2.62,2.65,2.667,2.611,2980,64.21,65.5,65.74,64.14,37548,13170
1347.3,1329.1,1350.4,1328.9,28239,1349.05,1329.64,1350.33,1328.88,2343,2362.5,2362.5,2330.5,1404,6660,6726.5,6726.5,6623.5,7755,2054,2073,2074.5,2049,1750,3220,3210.5,3238.5,3170,3396,20775,20940,20940,20680,125,2.586,2.619,2.627,2.579,2350,65.74,64.28,66,64.11,47987,12990
1353.4,1347.1,1356,1343.4,14738,1355.14,1348.05,1356.02,1343.57,2386,2350,2393,2333.5,1311,6623.5,6638,6666,6532,8255,2048.5,2055.5,2063.5,2043.5,1696,3271.5,3226,3278.5,3165,2912,20860,20775,20920,20715,96,2.631,2.583,2.642,2.565,2149,65.49,65.88,66.55,65.08,40449,13005
1344.6,1353.6,1356.8,1339.6,11828,1342.75,1352.99,1356.92,1339.89,2406,2386,2410,2378.5,1178,6657.5,6635.5,6721.5,6623.5,6248,2045,2048.5,2071.5,2041.5,1688,3283,3271.5,3314.5,3260,2836,20895,20860,20990,20830,99,2.691,2.627,2.707,2.623,804,64.66,65.53,66.41,64.53,41956,12960
1323.8,1344.9,1346.4,1322.4,2887,1328.76,1345.46,1347.07,1323.54,2415,2406,2425,2372,1033,6667,6649,6690,6605,6729,2032.5,2045,2046.5,2019,1910,3280,3275,3293,3256,2665,20900,20895,20900,20755,111,2.703,2.719,2.731,2.69,4014,64.67,64.69,65.13,63.72,46973,13045
1325,1324.1,1327.1,1321.7,372,1323.23,1326.13,1328.39,1321.31,2397,2420,2424,2375.5,1123,6740.5,6667,6778.5,6661.5,6654,2005,2032.5,2045,1996,2505,3270.5,3272,3320,3269,2492,21150,20900,21340,20805,184,2.731,2.706,2.764,2.698,6798,64.91,64.69,65.26,64.16,35623,13390
1277.56713,1278.123611,1284.305556,1271.315741,20982.34722,1275.320273,1275.741264,1283.068611,1268.14537,2397,2420,2424,2375.5,3376,6740.5,6671,6778.5,6661.5,19076,2005,2032.5,2045,1996,18801,3270.5,3272,3320,3269,8914,21150,20880,21340,20805,431,2.889768519,2.885541667,2.926115741,2.84675,6147.444444,67.24240741,67.2025463,67.98819444,66.37111111,36674.33796,13390
1345.4,1330.8,1349.2,1329.6,21272,1338.44,1325.43,1344.96,1324.94,2302.244131,2305.441315,2331.669014,2277.112676,1370.643192,6740.5,6740.5,6740.5,6740.5,5,2005,2005,2005,2005,3,3270.5,3270.5,3270.5,3270.5,3,21150,21150,21150,21150,4,2.677,2.738,2.759,2.65,6068,62.85,65.09,65.42,62.8,39898,13390
1336.5,1345,1346.6,1332.7,22569,1332.32,1340.72,1342.56,1328.97,2399.5,2395,2420.5,2379,1521,6811,6764,6828,6764,6051,1998,2015,2039,1978,3261,3277,3270.5,3294,3256,3130,21235,21150,21400,21150,161,2.695,2.679,2.707,2.667,4340,63.57,62.89,63.86,62.85,33895,13510
1337,1336.7,1352.5,1335.2,29564,1334.39,1332.86,1348.3,1330.99,2368,2399.5,2404.5,2355,986,6713,6819,6822,6621.5,7692,1993,1998,2000.5,1980,2602,3252,3280,3281,3221,3117,20875,21235,21290,20800,131,2.709,2.696,2.746,2.675,5201,63.56,63.59,63.64,62.06,47122,13155
1329.9,1337.1,1338.7,1326,23370,1325.13,1334.36,1348.3,1322.79,2386,2368,2396.5,2360,928,6818.5,6738.5,6869.5,6721,5418,2007,1994,2020,1977,1879,3241,3252,3263,3193.5,3068,21100,20875,21100,20875,64,2.679,2.712,2.715,2.651,6643,63.73,63.6,64.12,63.07,37282,13365
1337.3,1329.7,1339.1,1322.6,35086,1332.14,1325.13,1335.51,1319.9,2383,2386,2398,2349,911,6760,6772.5,6802,6732,3756,2054,2010,2063,1987,2341,3241.5,3241,3255,3204.5,1812,20965,21100,21110,20935,87,2.696,2.68,2.717,2.675,4565,61.95,63.7,63.79,61.81,45029,13265
1339.6,1338,1341.5,1330.1,20214,1333.27,1334.36,1338.03,1326.95,2382.5,2383,2396.5,2371,865,6853.5,6769,6855,6750.5,5274,2132.5,2061,2144,2059.5,5477,3213,3241,3276.5,3205,2571,21200,20965,21300,20920,213,2.698,2.679,2.704,2.64,5496,63.29,62,63.61,61.93,33989,13445
1343.1,1339.8,1346.2,1334.2,24494,1338.7,1333.34,1342.64,1326.95,2388,2382.5,2403,2373.5,1305,6968.5,6830,6973,6818,6583,2211,2132.5,2242,2125,5016,3249.5,3213,3256,3212.5,2592,20915,21200,21265,20870,135,2.66,2.699,2.726,2.643,6615,65.58,63.3,65.86,63.2,42130,13730
1356.8,1342.6,1369.4,1342.5,39297,1361.53,1338.51,1365.22,1331.18,2391,2388,2410,2370,928,6911.5,6962.5,6987.5,6893,6188,2248.5,2207,2277.5,2200,5271,3223,3286,3286,3218,2462,21000,20915,21085,20915,96,2.673,2.661,2.69,2.621,5401,66.74,65.59,67.45,65.15,58373,13825
1337.5,1356.3,1356.8,1336.7,33150,1338.06,1361.16,1365.22,1333.84,2337,2391,2397,2316,1891,6821,6911.5,6933,6772,7169,2283.5,2248.5,2331,2202.5,5589,3091.5,3223,3235,3083,5906,20945,21000,21000,20810,109,2.689,2.675,2.7,2.647,5320,67.16,66.75,67.33,66,44685,13770
1348.6,1337.9,1350.3,1335.5,24935,1345.15,1338.06,1353.38,1333.54,2304,2337,2364.5,2290.5,1303,6833.5,6821,6882.5,6802.5,4301,2275.5,2283.5,2340,2271,5821,3103,3091.5,3141,3091.5,3370,20960,20945,21125,20895,128,2.736,2.688,2.76,2.674,5642,67.39,67.2,67.76,66.7,39541,13905
1348.9,1349.9,1353.5,1342.8,26830,1347.04,1344.42,1350.56,1340.34,2353,2304,2381,2288,1707,6883.5,6835,6936,6782.5,5070,2382,2275.5,2403,2275,4177,3134.5,3100,3160,3070,2802,21080,20960,21120,20830,131,2.747,2.746,2.779,2.739,4199,66.34,67.37,67.74,66.13,30023,14200
1350.5,1348.9,1352.2,1340.2,26993,1343.93,1347.16,1350.56,1337.77,2359,2353,2364,2325,1206,6873,6883.5,6910,6812.5,5399,2411,2382,2435,2346,5341,3173,3154,3174.5,3118,2811,21360,21080,21475,20985,216,2.742,2.747,2.761,2.711,3725,66.67,66.4,66.75,65.56,23459,14315
1352.4,1350.6,1359,1345,27108,1350.43,1347.33,1355.73,1337.77,2368,2359,2414,2326.5,1526,7036.5,6876.5,7075,6861,9540,2550,2411,2559,2389.5,6316,3263,3173,3301.5,3142.5,4413,21440,21360,21650,21285,226,2.744,2.74,2.79,2.734,3540,68.75,66.67,68.91,66.56,19524,15305
1348,1352.5,1357.7,1343.2,32936,1342.08,1350.84,1355.73,1341.03,2347.5,2368,2398.5,2325,1669,6962,7035.5,7112,6933,8540,2477,2550,2718,2397,8858,3216,3263,3296,3205,3492,21500,21440,21655,21330,182,2.676,2.743,2.751,2.658,7406,68.15,68.74,69.56,67.98,8885,15025
1337.6,1348.5,1348.9,1337,23324,1338.02,1342.49,1354.77,1334,2337.5,2347.5,2384,2323,1437,6982.5,6962,7007.5,6920,5332,2489,2477,2531,2415,5578,3240.5,3216,3273.5,3212.5,2996,21660,21500,21725,21450,95,2.745,2.675,2.746,2.658,3484,68.38,68.26,68.62,67.5,968,14855
1326.6,1336.2,1337.6,1323.8,23356,1322.62,1334.96,1335.57,1322.15,2318,2337.5,2358,2317,1322,6927.5,6982.5,7040.5,6858,6997,2254.5,2480,2534.5,2237,7394,3231.5,3240.5,3263,3200,2442,21100,21660,21660,20915,258,2.744,2.743,2.757,2.706,2696,68.92,68.22,69.03,67.14,45664,14280
1332.2,1326.2,1334.5,1323.6,24680,1329,1322.38,1335.57,1322.11,2310,2318,2359,2305,1241,6982.5,6927,7050,6909.5,6610,2211.5,2254.5,2291,2175,5805,3215.5,3231.5,3271,3210,2630,21055,21100,21180,20975,146,2.781,2.745,2.789,2.728,2003,67.72,68.95,69.38,67.54,59641,14090
1324.4,1331.8,1333.8,1320.2,20782,1321.06,1329.01,1332.14,1318.83,2310,2310,2340.5,2272,1769,6977.5,6982.5,7028,6948.5,5701,2234.5,2211.5,2273,2186,3769,3137,3215.5,3231,3129.5,3437,21270,21055,21285,20975,173,2.79,2.781,2.798,2.755,1809,68.01,67.73,68.18,67.11,54278,14185
1317.8,1324.4,1328,1316.2,24613,1316.39,1321.14,1332.14,1315.36,2338.5,2310,2344,2292,1440,6967,6977.5,7007.5,6890,6106,2270,2234.5,2316,2195,4539,3135,3137,3156,3083.5,3647,21305,21270,21425,21190,144,2.821,2.788,2.839,2.779,881,68.16,68.04,68.78,67.71,44274,14290
1324.1,1318,1326.4,1315.8,20471,1321.75,1317.25,1326.59,1315.36,2346,2338.5,2350,2320,1007,6812,6964.5,6970,6776.5,6933,2225.5,2270,2295,2205,3837,3140,3135,3160,3091,2334,21000,21305,21315,20900,155,2.768,2.827,2.834,2.768,4849,67.97,68.21,68.36,67.64,37470,13875
1316.1,1317.4,1321.9,1315.2,20185,1315.19,1322.29,1327,1310.27,2316,2346,2366,2312.5,850,6821.5,6804,6822,6802,117,2250,2250,2255,2243,60,3122,3140,3189.5,3121,2628,21185,21000,21250,21000,124,2.765,2.747,2.768,2.744,4492,68.57,68.55,69.34,68.35,44766,13685
1304.6,1316,1317.4,1302.3,20187,1305.77,1315.42,1325.5,1301.79,2303.5,2313,2334.5,2289.5,919,6762,6821.5,6838,6710,6311,2244,2250,2270,2223,2227,3070.5,3120,3125,3052,2282,21170,21190,21265,21155,66,2.802,2.764,2.82,2.759,5238,67.5,68.56,68.9,66.85,44361,13780
1305.8,1304.3,1314.9,1304.3,27128,1306.94,1305.78,1316.43,1301.79,2278,2303.5,2338,2241,1365,6817,6771.5,6856,6771.5,5888,2320,2245,2330,2240,3422,3050,3070.5,3116.5,3047,3812,21085,21170,21225,21035,134,2.758,2.805,2.811,2.745,4821,67.68,67.5,68.14,66.92,50269,13965
1312.8,1305.4,1319,1305.2,23735,1313.72,1306.73,1318.17,1303.76,2272,2278,2292,2241,1326,6865,6817,6927.5,6792,6777,2281,2320,2354,2258,2706,3009.5,3050,3084.5,2994,3938,21275,21085,21275,21030,107,2.73,2.759,2.773,2.7,6541,68.5,67.69,68.6,67.21,43243,13905
1316,1312.6,1316.9,1308.5,26629,1311.29,1313.82,1318.17,1304.64,2316,2272,2324,2259.5,1363,6845,6864,6892.5,6787,4377,2343,2288,2367.5,2282,2834,3067,3009.5,3068,2970,3308,21170,21275,21300,21075,111,2.711,2.731,2.742,2.702,3409,69.79,68.51,69.97,68.12,43783,13950
1314.6,1315.9,1320.1,1310.6,19189,1314.01,1314.83,1319.1,1310.04,2302.244131,2305.441315,2331.669014,2277.112676,1370.643192,6623.672897,6629.483645,6686.408879,6567.212617,6109.640187,2146.165888,2147.551402,2173.593458,2124.10514,2437.911215,2964.257009,2967.287383,3000.411215,2929.808411,3010.107477,20253.36449,20256.30841,20385.60748,20111.93925,145.3831776,2.735,2.711,2.77,2.695,4748,70,69.84,70.84,69.51,44780,13580.53738
1315,1313.8,1318.5,1306.2,29282,1310.7,1313.83,1319.1,1306.14,2294,2320,2336,2286,1371,6814,6826,6870,6720,7381,2354.5,2343,2374.5,2317,2499,3075,3072,3117.5,3046.5,4050,21050,21170,21185,20865,163,2.738,2.735,2.773,2.706,4530,70.04,70.04,70.4,67.63,94150,13910
1312.8,1315.3,1317.8,1304.2,28469,1313.55,1310.64,1317.5,1304.34,2291.5,2294,2316.5,2281,954,6815.5,6820,6827.5,6766,5016,2355,2354.5,2370,2280,3709,3090.5,3073,3109.5,3067,2458,21145,21050,21325,20975,144,2.735,2.739,2.759,2.725,3525,71.24,70.05,71.36,69.85,53888,13945
1321.8,1312.9,1323.4,1310.6,29208,1318.8,1313.26,1322.9,1304.34,2301,2291.5,2335,2288,1099,6916.5,6815.5,6929.5,6797.5,6492,2310.5,2355,2355,2306,2204,3082,3090.5,3111.5,3075.5,1961,20800,21145,21250,20605,300,2.808,2.736,2.82,2.709,8285,71.4,71.23,71.89,70.56,44902,13850
1318.4,1321.6,1326.3,1317,19299,1321.97,1319.09,1326.03,1310.86,2348,2301,2358,2300,1511,6921.5,6916.5,6947,6897,4014,2275.5,2326,2326,2263.5,2348,3093,3082,3108,3075.5,1539,21000,20800,21030,20700,162,2.819,2.809,2.82,2.793,3251,70.51,71.44,71.63,70.45,38253,14030
1313.2,1318.5,1322.4,1312.8,16928,1319.31,1318.22,1322.4,1313.05,2384.5,2348,2402,2348,1460,6884,6921.5,6957,6850,4690,2315,2275.5,2325,2264,2174,3055,3093,3099,3037,2301,20970,21000,21060,20870,77,2.835,2.825,2.847,2.798,3698,71.17,70.51,71.26,70.26,30263,14475
1290.1,1313.1,1314.7,1288.2,30488,1293.38,1319.44,1322.4,1288.78,2356.5,2384.5,2393.5,2342,1240,6810,6884,6905,6765,5895,2325,2315,2331.5,2274,2188,3060,3055,3089.5,3044,2492,20875,20970,20980,20730,114,2.829,2.834,2.864,2.824,3180,71,71.15,71.92,70.42,43804,14475
1290.1,1289.7,1296.4,1285.7,23739,1289.53,1293.54,1314.91,1286.46,2340,2356.5,2373.5,2328.5,1083,6844.5,6810,6850,6780.5,4110,2311.5,2325,2338,2302,1775,3079,3060,3095,3053,2154,20760,20875,20885,20715,104,2.818,2.829,2.844,2.809,3303,71.54,71.03,71.59,70.66,31934,14450
1290,1290.2,1294,1284,22369,1288.62,1289.64,1296.96,1285.24,2363,2340,2374,2327.5,962,6862,6850,6900,6833,4497,2290,2311.5,2334.5,2248.5,2741,3093,3079,3096,3057,2284,20675,20760,20865,20415,229,2.853,2.817,2.862,2.78,5338,71.59,71.56,72.3,71.09,28650,14595
1291.7,1290.1,1293.7,1285.1,18672,1291.31,1290.4,1294.24,1286.16,2335.5,2363,2373,2330,1066,6824,6862,6881.5,6810,4492,2265,2290,2311.5,2245,2259,3097,3093,3100,3070,2354,20700,20675,20800,20505,137,2.837,2.852,2.87,2.832,2608,71.35,71.6,71.75,70.99,15666,14635
1292,1290.3,1292.7,1281.2,20942,1289.25,1291.08,1293.19,1282.18,2415,2335.5,2418,2335,1273,6898,6841.5,6923,6829,4976,2276.5,2265,2292,2254.5,1537,3098,3097,3122,3085,1678,20740,20700,20790,20525,149,2.827,2.826,2.847,2.806,3133,72.57,71.36,72.59,71.25,5611,14730
1290.5,1292.3,1296,1287.2,21955,1292.55,1289.45,1296.21,1282.18,2465.5,2415,2478,2403,2166,6963,6898,6999,6876,6667,2261,2276.5,2290.5,2256.5,1864,3040.5,3098,3107,3040.5,2362,20615,20740,20750,20525,155,2.903,2.828,2.917,2.816,4271,72.13,72.53,72.83,71.9,965,14815
1293,1290.6,1298.4,1286.7,26607,1291.39,1292.7,1298.62,1288.01,2467.5,2465.5,2478,2445,1583,6835,6963,6969.5,6805,7502,2270.5,2261,2277,2239,1775,3028,3040.5,3062.5,3001,2854,20540,20615,20700,20525,122,2.924,2.902,2.939,2.898,2675,71.83,72.11,72.26,71.19,44953,14605
1304,1293.3,1306.4,1292.2,24088,1303.84,1291.58,1306.69,1288.01,2493,2467.5,2515,2465.5,1804,6910.5,6846,6913,6838.5,4057,2292,2265.5,2293.5,2255,1718,3037,3028,3039.5,3012,1830,20360,20540,20590,20260,272,2.932,2.923,2.941,2.904,2245,70.67,71.85,72,70.52,38397,14885
1301.2,1303.9,1307.2,1299.4,17737,1304.48,1304.53,1307.81,1292.83,2437.5,2493,2507,2426,1715,6858,6910.5,6942,6840,4335,2266.5,2290,2314.5,2248,1814,3052.5,3037,3068,3024,1910,20345,20360,20425,19985,257,2.929,2.931,2.964,2.912,2680,67.5,70.65,70.8,67.42,56974,14740
1297.5,1299.7,1300.4,1294.6,6694,1298.42,1299.57,1300.37,1295.6,2302.244131,2305.441315,2331.669014,2277.112676,1370.643192,6623.672897,6629.483645,6686.408879,6567.212617,6109.640187,2146.165888,2147.551402,2173.593458,2124.10514,2437.911215,2964.257009,2967.287383,3000.411215,2929.808411,3010.107477,20253.36449,20256.30841,20385.60748,20111.93925,145.3831776,2.961,2.946,2.968,2.908,323,66.47,67.55,67.55,65.8,38408,13580.53738
1298.3,1297.2,1306.1,1291.4,17007,1302.62,1298.53,1306.64,1293.04,2430.5,2437.5,2467,2424,1404,6827,6845,6940,6825,7004,2269,2266.5,2276,2247.5,1909,3078.5,3064.5,3104,3053.5,3449,20490,20345,20775,20345,372,2.875,2.96,2.961,2.838,812,66.87,66.49,67.35,65.92,51296,14845
1300.7,1298,1303.7,1295.2,2577,1304.14,1299.16,1304.4,1296.03,2447,2430.5,2450,2416,1080,6840,6821.5,6856,6727,8793,2267,2269,2284,2254,2097,3145.5,3075,3150,3045,3999,20570,20490,20700,20355,267,2.897,2.899,2.906,2.867,3787,68.23,66.86,68.67,66.35,51279,15070
1302.7,1306,1311.5,1301,24572,1301.08,1301.85,1306.55,1296.03,2458.5,2447,2467,2440.5,1094,6828,6849,6895.5,6801,6218,2292.5,2267,2304.5,2264,2128,3100,3138,3164.5,3088.5,3820,20645,20570,20760,20480,176,2.953,2.891,2.988,2.887,7081,67.1,68.24,68.3,66.56,61188,15295
1297.9,1303,1304.8,1293.1,28505,1296.55,1300.96,1306.55,1289.5,2464.5,2458.5,2465,2427.5,1049,6904.5,6828,6912,6826,5823,2299,2292.5,2305,2263.5,2196,3088.5,3100,3120,3073,2300,20755,20645,20765,20595,95,2.982,2.951,2.983,2.932,4189,65.71,67.07,67.34,65.51,52122,15410
1295.9,1296.7,1302.3,1293.8,18423,1293.56,1293.32,1298.14,1290.32,2500,2464.5,2510,2431,1427,6986.5,6917.5,6992,6891,6082,2308.5,2299,2343,2291,2499,3119,3088.5,3122,3056,2911,20680,20755,20755,20555,229,2.927,2.974,2.982,2.923,3859,64.88,65.7,66.04,64.57,45803,15500
1300.4,1296.4,1304.8,1293.5,21048,1296.46,1293.86,1300.57,1289.88,2503,2500,2534,2485.5,1449,7117,6986.5,7117,6952.5,8685,2316.5,2309.5,2340,2305.5,1906,3192,3110,3201,3104,3625,20750,20680,20750,20610,109,2.891,2.92,2.931,2.874,4461,65.53,64.94,65.57,64.22,51427,15755
1300.6,1300.6,1306.1,1297.7,18385,1299.79,1296.95,1301.84,1289.88,2531,2503,2534,2499,1057,7235,7125,7252,7092,9667,2331,2311,2345,2307,1875,3184,3195,3220,3174.5,2774,20975,20750,21125,20635,242,2.9,2.888,2.912,2.873,3745,65.01,65.51,65.96,64.27,54098,15640
1301.3,1300.9,1307.8,1299,18545,1298.01,1299.78,1303.19,1293.9,2496,2531,2555.5,2491,1373,7247,7235.5,7348,7232.5,10489,2285,2331,2353,2281,2579,3162.5,3184,3200,3158.5,2145,21220,20975,21325,20895,232,2.934,2.899,2.987,2.896,6747,65.95,65.08,66.07,64.81,40191,15420
1303.5,1301.2,1304.8,1296,15759,1298.6,1297.91,1303.19,1293.28,2467,2520,2520,2465,1664,7305.5,7252.5,7333,7211,7563,2310,2283,2324.5,2283,1785,3202,3167,3203,3140.5,2210,21170,20980,21270,20980,165,2.905,2.932,2.936,2.875,4159,65.56,65.98,66.24,65.15,37108,15445
1304.4,1303.6,1307,1297.8,16573,1301.24,1299.8,1302.28,1294.18,2482.5,2467,2505,2467,991,7222,7305.5,7329,7212.5,5999,2309,2310,2325,2285,1566,3205.5,3202,3218,3177,2227,21175,21170,21265,20985,95,2.953,2.927,2.966,2.905,4590,66.07,65.55,66.35,64.85,35363,15265
1299.6,1304.6,1304.8,1296.3,17220,1297.5,1301.17,1304.4,1292.7,2468,2482.5,2502,2466,825,7213,7222,7258,7196,4626,2292.5,2315,2327,2290,1384,3199,3205.5,3218,3182,2120,21125,21175,21235,21010,139,2.942,2.954,2.988,2.917,4172,66.04,66.09,66.7,65.87,32065,15255
1302.9,1299.7,1305.2,1294.5,22363,1297.59,1297.977,1301.25,1292.24,2485,2492,2508.5,2464,1034,7241.5,7247,7259,7169,4412,2279,2299.5,2299.5,2265.5,1610,3212,3195,3217.5,3172,1850,20875,21085,21085,20710,214,2.958,2.94,2.979,2.916,4587,66.62,66.01,66.89,65.52,35918,15650
1305.9,1303.1,1313,1301,26094,1304.33,1297.68,1309.37,1292.24,2460,2485,2490,2449,882,7160,7238,7238,7156,4823,2252.5,2275,2280,2252,1291,3180,3212,3216,3152.5,2074,20825,20875,21040,20760,135,2.969,2.959,2.976,2.93,5220,67,66.61,67.16,66.36,23781,15280
1282,1305.8,1306.7,1277.9,35428,1277.77,1304.37,1309.37,1275.49,2401,2460,2462.5,2401,923,7011.5,7143.5,7168.5,6996,7124,2212.5,2252.5,2258,2200.5,1876,3078,3180,3180,3072.5,2767,20745,20825,20900,20745,114,3.028,2.966,3.034,2.966,5338,64.38,67.01,67.09,64.29,25627,15170
1280.6,1281.1,1284.9,1279.5,12671,1278.26,1278.41,1282.48,1277.11,2438.5,2401,2444.5,2392.5,1193,6972,7003,7027.5,6918,4988,2228,2212.5,2228.5,2193.5,1636,3071.5,3078,3091,3059,2022,20600,20745,20835,20500,128,2.953,3.051,3.053,2.945,4584,65.83,64.4,65.98,63.59,17852,14980
1277,1280.7,1286.8,1272.6,21472,1275.61,1278.06,1284.13,1270.52,2417,2438.5,2448,2400.5,1258,6825.5,6969.5,7002.5,6809,11204,2179,2228,2229.5,2167.5,1987,3003,3071.5,3091,2995,3932,20405,20600,20645,20300,211,2.915,2.952,2.955,2.887,3812,65.06,65.82,65.9,64.39,9004,14720
1270,1277.1,1278.6,1269.6,16084,1274.19,1275.49,1284.13,1267.69,2413,2417,2427.5,2395.5,981,6815.5,6825.5,6872,6772,7877,2175,2179,2198.5,2165,1458,3001,3003,3030.5,2981,2843,20585,20405,20690,20395,147,2.965,2.919,2.969,2.912,3387,66.22,65.11,66.53,65.01,1008,14960
1269,1269.7,1272.3,1262.4,20254,1267.49,1274.21,1276.49,1261.5,2396.5,2413,2422,2365,1279,6799.5,6815.5,6842.5,6772.5,6847,2187.5,2171,2193,2162,1446,2935,3001,3027,2912,4179,20475,20585,20670,20415,126,2.982,2.966,3.012,2.947,4154,65.8,65.33,66.22,64.34,55533,15075
1271.1,1268.8,1273.1,1268.4,12520,1268.61,1267.49,1271.18,1261.5,2414.5,2396.5,2422.5,2367.5,1049,6801,6795.5,6831.5,6768,4989,2176.5,2184,2188.5,2164,1197,2933.5,2929,2944.5,2889.5,3229,20440,20475,20595,20400,56,2.943,2.98,2.991,2.926,2913,69.28,65.93,69.38,65.71,80077,15370
1267.3,1272.2,1274.4,1265.5,14865,1266.74,1269.92,1272.65,1264.53,2411.5,2414.5,2427.5,2394.5,1131,6704,6820,6837.5,6702.5,5636,2149.5,2176.5,2185.5,2149.5,1347,2843,2935,2940,2835,3701,20205,20440,20470,20125,168,2.932,2.926,2.943,2.897,1918,68.19,68.75,69.44,67.78,61145,14790
1260.8,1267.3,1269.4,1256.4,17035,1260.94,1266.34,1272.65,1254.85,2417,2411.5,2434.5,2398,1148,6727,6716,6744,6692,4576,2194,2149.5,2195,2135,1844,2859,2843,2868,2815,3033,20195,20205,20300,20010,137,2.95,2.931,2.955,2.907,1276,70.68,68.2,70.91,67.72,67676,14900
1253.8,1260.6,1261.9,1252.2,17338,1254.22,1260.83,1267.73,1250.84,2433,2417,2449,2405,1108,6693,6723.5,6748,6667,6286,2165,2194,2203.5,2151.5,2597,2882,2859,2924,2820,4241,19780,20195,20195,19725,300,2.996,2.956,3.007,2.95,612,72.3,70.71,73.06,70.56,57608,14865
1249.5,1253.6,1255.8,1247.2,16888,1250.24,1254.34,1260.12,1246.02,2402,2433,2436.5,2390.5,1174,6623,6693,6703,6589.5,5717,2153,2165,2177,2142,1469,2905,2882,2931,2851.5,3443,19665,19780,19860,19600,191,2.952,2.986,3.021,2.93,6640,73.28,72.27,74.03,72.2,52815,14790
1254.2,1249.4,1257.1,1246.9,14901,1252.65,1250.43,1255.68,1246.26,2409,2402,2443,2400.5,1275,6619,6623,6692.5,6610.5,5017,2132,2153,2168.5,2130,1723,2857,2905,2908.5,2853.5,2911,19675,19665,19850,19560,129,2.919,2.951,2.954,2.91,4014,74.25,73.33,74.46,72.93,45397,14940
1242.8,1253.4,1255.6,1240.6,16637,1243.7,1252.46,1254.3,1239.77,2390,2409,2421.5,2380,1236,6571,6619,6635.5,6519,5357,2114,2136,2142,2098,2412,2827.5,2857,2883,2822,2794,19735,19675,19845,19650,133,2.861,2.922,2.927,2.852,5345,74.06,73.57,74.35,72.51,55698,14565
1254,1242.9,1258.5,1238.8,19527,1256.49,1243.56,1256.91,1237.98,2386,2390,2409,2382,838,6509,6571,6612.5,6490,6263,2090,2114,2135,2080,2607,2780,2827.5,2848,2778,3024,19650,19735,19855,19620,167,2.861,2.86,2.903,2.852,3886,74.28,74.1,75.27,72.73,60939,14340
1258.1,1253.8,1262.4,1253.3,12875,1256.11,1256.5,1261.18,1237.98,2335,2386,2393.5,2307,1101,6403.5,6518,6566,6344,7189,2103,2090,2118,2083,1731,2710,2793,2809,2687.5,3602,19580,19650,19740,19500,191,2.842,2.858,2.894,2.822,2307,74.33,74.25,74.9,73.5,30759,14140
1258.8,1257.6,1261,1252.2,16681,1257.59,1256.11,1261.18,1251.2,2366.5,2335,2375,2316,1624,6324,6406,6428,6306.5,7079,2080,2093,2112,2077.5,2372,2695,2710,2739,2667,3823,19460,19580,19670,19400,131,2.831,2.841,2.884,2.826,4181,73.12,74.34,74.8,72.53,55743,14195
1255.9,1258.4,1260.2,1253.7,16165,1254.01,1257.3,1259.82,1251.37,2344,2366.5,2366.5,2314,1422,6308.5,6324,6344,6221.5,7653,2086.5,2083,2095,2071,1525,2753,2695,2756,2676,4161,19385,19460,19485,19300,179,2.85,2.83,2.862,2.824,3881,73.92,73.16,74.01,72.14,51851,13960
1258.3,1256.5,1266.9,1255.7,14868,1260.39,1255.21,1265.99,1253.32,2331,2344,2371,2329,1227,6405,6308.5,6438,6308.5,6819,2103.5,2086.5,2134.5,2083.5,1804,2688,2753,2775.5,2680.5,3759,19575,19385,19645,19385,131,2.828,2.833,2.865,2.817,3530,74.01,73.87,74.28,72.99,46193,14065
1255.8,1258.5,1261,1247.7,18469,1255.64,1259.95,1265.99,1247.41,2320,2331,2350.5,2271.5,1382,6345,6424,6441,6301,5492,2085.5,2107,2126.5,2081.5,2173,2628,2695,2724.5,2607.5,4343,19775,19575,19860,19575,167,2.784,2.827,2.835,2.782,3485,74.21,74.03,74.7,73.65,45614,14170
1241.8,1256.3,1257.3,1241.7,19043,1247.03,1255.94,1260.37,1241.61,2204.5,2320,2320,2186,2762,6135,6328,6328,6081,12129,2060.5,2082.5,2086.5,2053,2202,2564,2628,2628,2503,4940,19355,19775,19775,19240,212,2.825,2.787,2.832,2.78,3212,70.61,74.23,74.26,70.02,69725,13945
1247.7,1242.1,1248.8,1241.4,13951,1247.38,1247.02,1256.96,1238.64,2212,2194,2226,2139.5,2543,6215,6135,6247,6103,6721,2041.5,2060.5,2080,2032,2535,2575.5,2564,2617,2531,3621,19640,19355,19690,19285,147,2.8,2.822,2.827,2.789,3657,70.35,70.6,71.24,69.23,58590,14245
1241.8,1247.6,1248.5,1236.2,15480,1242.01,1247.45,1248.6,1236.56,2215,2212,2216,2176,1938,6215,6215,6244,6156,5249,2036,2041.5,2058,2021.5,1737,2583.5,2575.5,2593,2537.5,2785,19760,19640,19800,19565,148,2.758,2.801,2.812,2.75,3049,70.58,70.4,71.66,69.84,40696,13970
1241,1241,1245.8,1238.3,12174,1239.5,1241.25,1245.64,1238.42,2168.5,2215,2215,2165.5,1535,6192,6215,6267.5,6150,4531,2062.5,2036,2074,2029,2248,2476,2583.5,2596,2474,4205,19465,19760,19760,19405,136,2.767,2.765,2.778,2.735,3303,68,70.52,70.87,67.58,40861,13630
1227.4,1240.8,1245.1,1225.9,20472,1227.42,1239.55,1245.64,1226.16,2174.5,2168.5,2195,2163.5,1152,6160.5,6192,6261.5,6142,5264,2031.5,2062.5,2132,2030.5,2235,2508,2476,2541.5,2476,3082,19480,19465,19560,19400,98,2.743,2.768,2.788,2.731,3053,67.61,68,68.44,67.04,31473,13545
1227.3,1227.3,1229.1,1220.9,15934,1225.85,1227.52,1245.06,1221.17,2170,2174.5,2183.5,2131,1527,6180,6160.5,6194.5,6080,5517,2035.5,2034,2045,2022,1850,2619.5,2508,2624.5,2496.5,4039,19530,19480,19595,19430,101,2.73,2.744,2.754,2.72,2610,68.98,67.61,69.06,67.04,17325,13665
1222.5,1227.4,1229.6,1210.7,24044,1216.57,1225.95,1229.45,1211.63,2134.5,2170,2184.5,2095,1555,6054.5,6180,6214.5,5988,7382,2006,2030.5,2052,2001,2752,2565,2619.5,2655,2495,4582,19445,19530,19560,19110,175,2.767,2.733,2.776,2.704,3970,69.44,68.99,70.17,67.8,5317,13405
1231.9,1223.1,1232.4,1215.3,20935,1229.09,1216.07,1232.91,1211.63,2138,2134.5,2150,2115,1322,6152,6071.5,6171.5,6007.5,6337,2042.5,2006,2047,2003,3093,2578,2565.5,2618,2528,3304,19465,19445,19605,19400,103,2.762,2.768,2.784,2.754,1965,70.46,69.39,71.1,69.37,1089,13510
1224.5,1231.6,1235.2,1222.2,18129,1225.15,1231.32,1235.18,1222.37,2128.5,2138,2174.5,2123.5,1379,6128,6152,6205.5,6118,4573,2065,2042.5,2081,2029,3107,2554.5,2578,2620,2525,2901,19510,19465,19600,19440,86,2.721,2.736,2.762,2.713,3352,67.8,68.17,69.31,67.6,46945,13375
1224.5,1224.6,1229.7,1218.1,17607,1224.2,1224.95,1235.18,1218.25,2151,2128.5,2182.5,2124.5,1041,6262,6136,6328,6110,7387,2078.5,2065,2114,2051.5,3170,2595,2554.5,2640.5,2546,3023,19695,19510,19715,19410,138,2.739,2.721,2.744,2.71,1401,68.76,67.81,69.05,67.56,45372,13600
1231.8,1224.2,1234.3,1223.2,16820,1228.58,1224.48,1234.21,1218.25,2153.5,2151,2177.5,2127,1543,6305.5,6262,6331,6241,4814,2064,2077,2087.5,2053,2527,2584,2595,2623.5,2573,2587,19850,19695,19880,19580,159,2.778,2.738,2.78,2.735,1234,69.26,68.77,69.7,68.2,52158,13715
1222.1,1231.7,1235.3,1221.7,13961,1226.12,1228.48,1235.23,1222.44,2168,2153.5,2186.5,2146,1200,6281.5,6350,6378,6256.5,5096,2068,2067,2092,2053,2135,2592.5,2597,2624.5,2560,2199,19830,19850,19930,19765,144,2.776,2.777,2.799,2.769,1219,69.54,69.41,69.92,68.92,41370,13780
1222.2,1222.5,1226.9,1216.7,11045,1226.5,1226.21,1235.23,1217.61,2132.5,2168,2168.5,2132,1027,6244,6281.5,6325,6217.5,4349,2053,2068,2079,2051,1874,2586.5,2592.5,2600,2551.5,2199,19865,19830,19925,19760,111,2.822,2.775,2.831,2.769,494,69.04,69.58,69.77,68.26,37213,13780
1220.3,1221.6,1223.9,1218.1,2903,1223.4,1222.94,1225.13,1219.11,2159.5,2132.5,2162,2112,1107,6245,6244,6277,6162,4977,2077.5,2053,2095,2052,1793,2550,2586.5,2599.5,2512,2673,20040,19865,20070,19810,141,2.8,2.786,2.814,2.766,3699,70.09,69.03,70.43,68.8,36849,13895
1232.9,1230.5,1237.8,1222.6,21560,1223.85,1223.5,1228.59,1214.04,2164,2159.5,2196.5,2144.5,1715,6322,6245,6341.5,6192,5695,2078,2080,2094,2068,2618,2636,2550,2638.5,2534.5,3690,20080,20040,20145,19980,213,2.781,2.8,2.831,2.772,3944,68.43,70.05,70.22,67.98,42069,14065
1224.5,1232.7,1233.7,1224.4,15993,1218.95,1223.89,1224.9,1214.04,2125,2155,2156,2112,1274,6124,6299.5,6299.5,6106,6799,2052,2078,2080,2047.5,1851,2540,2621,2621,2535.5,3622,19750,20080,20080,19750,152,2.746,2.779,2.788,2.744,3784,67.85,68.42,68.52,67.31,48182,13390
1215.9,1224.7,1230,1215.3,16801,1213.91,1218.93,1224.9,1207.18,2128,2125,2157.5,2111,1391,6139,6124,6177,6066,6681,2037.5,2052,2063,2035,2070,2566,2540,2587.5,2525,3024,19600,19750,19930,19600,199,2.819,2.745,2.828,2.74,5881,68.99,67.85,69.36,66.92,44054,13350
1221.9,1216.1,1228.5,1212.5,23184,1217.69,1208.37,1220.05,1204.58,2112.5,2128,2147.5,2097,1557,6176.5,6139,6236,6074.5,6098,2027.5,2037,2049,2024.5,1898,2608,2566,2635.5,2539,3373,19630,19600,19760,19315,177,2.851,2.816,2.862,2.814,4286,68.68,68.98,69.24,67.87,41695,13510
1215.6,1221.8,1226,1214.4,13740,1210.58,1213.97,1219.32,1206.42,2115.5,2112.5,2126.5,2074,1510,6105.5,6176.5,6182,6064,5248,2053,2035,2053,2023.5,1440,2565,2608,2613,2542,2575,19570,19630,19695,19480,145,2.861,2.849,2.865,2.822,3089,68.9,68.64,69.92,68.5,40083,13685
1218.8,1215.9,1224.3,1215.7,14580,1212.42,1207.8,1216.23,1207.46,2141,2130,2152,2118,1260,6156.5,6105.5,6195,6105.5,4107,2033,2046,2067,2032.5,1678,2602,2565,2614.5,2561.5,2156,19615,19570,19740,19570,102,2.891,2.863,2.9,2.857,3008,69.09,68.89,69.83,68.81,37513,13875
1221.8,1218.7,1223.8,1213.6,15725,1209.71,1212.43,1216.23,1206.62,2138.5,2141,2156,2126,1060,6172.5,6171.5,6209.5,6129,4294,2116.5,2041,2117.5,2034,2623,2613.5,2602,2628,2598,2194,19470,19615,19740,19400,189,2.945,2.892,2.951,2.884,4078,66.78,69.09,69.37,66.32,54304,14040
1220,1221.9,1225.6,1218.4,15155,1213.82,1209.81,1217.37,1206.62,2108,2138.5,2167.5,2102.5,1234,6198,6172.5,6308,6166.5,6434,2069,2116.5,2147.5,2068.5,3627,2598,2613.5,2673.5,2595,2990,19560,19470,19675,19470,112,2.946,2.947,2.959,2.93,4424,66.7,66.8,67.41,66.49,38072,13880
1219.2,1220.2,1224.9,1213.1,20302,1211.81,1213.82,1217.37,1205.89,2098,2108,2123,2089,982,6155,6198,6220,6126.5,5061,2078.5,2069,2117,2056,3398,2538,2598,2609,2535,3392,19500,19560,19605,19440,130,2.935,2.948,2.955,2.917,3101,67.75,66.75,67.87,66.14,33590,13805
1200.5,1218.6,1221.4,1198.6,24342,1195.75,1211.48,1213.94,1191.8,2103,2098,2125,2077,1310,6129.5,6149.5,6183,6095,4683,2080,2078.5,2094,2070,1847,2467,2538,2552,2462,3649,19325,19500,19525,19325,136,2.926,2.935,2.946,2.897,3087,67.41,67.79,67.95,65.71,40115,13535
1201.1,1201.2,1205.8,1198.9,17052,1196.46,1196.15,1213.94,1192.15,2074,2103,2125,2069.5,1082,6045,6130,6150.5,6024,5436,2069.5,2080,2089.5,2045,2119,2450,2473,2494,2443.5,3409,19090,19325,19375,18930,299,2.955,2.925,2.974,2.922,2808,66.63,67.43,68.37,66.58,40508,13425
1181.8,1201.7,1202,1180,22674,1176.58,1196.53,1198.79,1173.2,1949,2074,2084,1917.5,2674,5831,6045,6045,5773,10903,2022,2069.5,2069.5,2007,2513,2283,2450,2459,2283,6194,18340,19090,19095,18300,323,2.939,2.952,2.963,2.93,2416,64.9,66.53,66.9,64.51,34897,12880
1181,1182.6,1189,1167.1,30945,1179.51,1176.38,1194.77,1160.39,2006.5,1954,2059.5,1946.5,2796,5890.5,5827.5,5957.5,5800,10042,2038,2022,2056,2020,2589,2378,2294.5,2395.5,2286.5,6581,18610,18340,18805,18340,275,2.911,2.94,2.949,2.891,4079,65.45,64.93,65.52,64.43,23012,13340
1191.8,1180.7,1192,1178.5,18071,1178,1179.31,1185.9,1160.39,2000,2006.5,2021.5,1987,1791,5934,5890.5,5945,5864,5495,2032,2038,2052,2018.5,1985,2388.5,2378,2398.5,2325,3914,18730,18610,18805,18525,144,2.944,2.91,2.968,2.909,3026,65.92,65.45,66.39,65.3,12165,13555
1197.3,1190.7,1197.7,1189.6,14745,1186.54,1183.51,1190.91,1182.86,1980,2000,2027.5,1972.5,1321,5989.5,5968.5,6033,5951,4979,2058.5,2037.5,2084.5,2036,2249,2376,2388.5,2425.5,2355,3388,18790,18730,18870,18670,113,2.952,2.928,2.954,2.903,2984,66.6,65.93,66.68,65.59,4959,13615
1202.7,1197.4,1204.3,1194.3,16518,1189.35,1186.45,1197.1,1182.86,2014.5,1980,2021.5,1980,1166,6060.5,5989.5,6076,5989.5,4131,2064.5,2058.5,2078,2050.5,1452,2431,2376,2450,2374,3012,19045,18790,19075,18605,202,2.989,2.953,2.991,2.952,2984,67.35,66.62,68.1,66.52,798,13560
1202.5,1203,1208.4,1199.2,17563,1195.99,1189.41,1201.64,1187.76,2015,2014.5,2024,1991,989,6010.5,6036,6056.5,5973.5,4281,2065,2064.5,2080.5,2055,1472,2462.5,2431,2467,2384,3265,19220,19045,19375,19020,194,2.956,2.988,2.993,2.953,2306,68.11,66.07,68.15,65.98,45456,13580
1191.8,1202.8,1203.4,1190.2,17384,1189.1,1195.8,1201.64,1183.97,2060,2015,2072,2004,1423,5965,6010.5,6010.5,5901.5,5312,2070,2068,2075,2042,1630,2465,2460,2474.5,2427,2372,19100,19220,19220,18860,116,2.97,2.958,2.982,2.935,2786,67.84,68.07,68.12,67.32,32043,13240
1212.3,1191.9,1215.4,1189.5,21818,1208.28,1189.1,1208.59,1183,2078.5,2060,2103.5,2059,1297,6069,5969.5,6116.5,5963.5,5188,2084,2070,2109,2063.5,1863,2526,2465,2549.5,2453.5,3855,19025,19100,19205,18975,144,2.913,2.971,2.979,2.911,2496,68.52,67.88,69.31,67.78,36301,13420
1217.5,1214.3,1218.8,1209.3,14655,1209.34,1207.35,1212.4,1203.22,2302.244131,2305.441315,2331.669014,2277.112676,1370.643192,6623.672897,6629.483645,6686.408879,6567.212617,6109.640187,2146.165888,2147.551402,2173.593458,2124.10514,2437.911215,2964.257009,2967.287383,3000.411215,2929.808411,3010.107477,20253.36449,20256.30841,20385.60748,20111.93925,145.3831776,2.876,2.901,2.915,2.874,1847,68.92,68.57,68.97,68.34,24961,13580.53738
1207,1217.6,1220.7,1205.8,19755,1208.65,1209.33,1214.35,1199.73,2076,2078.5,2103,2072,1271,6132,6069,6167,6057.5,5634,2133,2084,2142,2084,2311,2521,2530,2562,2516.5,3224,19085,19025,19175,19025,95,2.86,2.874,2.883,2.845,1317,68.53,68.93,69.2,68.21,31640,13635
1212.8,1206.7,1213.7,1206.6,16562,1204.12,1208.65,1214.35,1200.94,2083.5,2076,2094,2066,1009,6092,6129.5,6149.5,6071.5,4017,2157,2132,2178,2122.5,3142,2515,2521,2527,2483,3049,18920,19085,19170,18890,175,2.895,2.857,2.905,2.843,941,69.7,68.54,69.76,68.37,37341,13450
1205.8,1212.7,1214,1202.1,33751,1199.28,1204.11,1207.96,1196.36,2074,2083.5,2108,2051.5,1283,6075.5,6092,6115,6010,5498,2128,2157,2177,2111,2855,2464,2515,2519.5,2434,3231,19070,18920,19195,18845,167,2.883,2.873,2.89,2.841,7723,70.05,69.71,70.5,69.55,44521,13310
1206.9,1206.2,1214.9,1204.1,17664,1200.33,1199.08,1208.94,1196.36,2088.5,2074,2108,2057,1623,5990,6043.5,6070.5,5971,5474,2118,2133,2153.5,2116,2152,2473,2464,2518,2443,3709,18910,19070,19130,18900,138,2.921,2.884,2.931,2.882,3246,69.88,70.07,70.36,69.64,27216,12810
1207,1206.2,1209.7,1201.2,10927,1200.81,1200.69,1203.93,1195.8,2128.5,2088.5,2131.5,2076,1614,5948,5990,6005,5945.5,3343,2089.5,2120,2124,2087,1805,2461,2473,2482.5,2432,2527,18790,18910,18955,18735,74,2.859,2.902,2.904,2.818,2353,70.1,69.89,70.21,69.53,14774,12795
1197.1,1207.2,1207.6,1195.1,19981,1191.54,1200.8,1203.93,1189.69,2066,2128.5,2131.5,2066,1381,5840,5952,5973,5800.5,7480,2063,2089.5,2105,2056,2652,2404,2461,2470,2392,3409,18815,18790,18845,18630,147,2.814,2.858,2.874,2.812,5023,69.37,70.13,71.4,69.08,43797,12490
1202.3,1196.8,1204.2,1196.4,14806,1196.84,1191.65,1202.05,1189.69,2048.5,2066,2097,2043,1349,5882.5,5842.5,5891,5826.5,5212,2060,2066,2087,2051,2440,2417,2404,2443,2393.5,2542,18750,18815,18865,18725,135,2.793,2.817,2.843,2.786,3318,68.64,69.4,69.59,68.56,38078,12475
1205.3,1202.4,1212.7,1200.5,20046,1198.59,1196.65,1207.06,1190.96,2043,2048.5,2079,2025.5,1589,5908,5882.5,5988,5870,5858,2046.5,2060,2083,2035,2084,2438,2417,2478,2417,2915,18830,18750,18870,18710,115,2.776,2.792,2.797,2.765,4439,67.89,68.65,69.02,67,43052,12470
1201.8,1205.6,1209,1198.7,22596,1196.82,1198.9,1207.06,1193.53,2059,2043,2083.5,2029,1533,5880,5915,5947,5831,5821,2063,2040.5,2080,2040.5,2194,2403.5,2438,2456,2393.5,3498,18975,18830,19105,18800,248,2.775,2.777,2.785,2.759,2885,67.86,67.88,68.08,66.86,33368,12335
1201,1200.7,1203.8,1196.2,14977,1196.46,1195.65,1198.56,1191.56,2017.5,2059,2093,2015.5,1839,5890,5880,5910,5850,3624,2077,2063,2109,2035.5,2781,2363,2403.5,2423.5,2362,2423,18980,18975,19175,18975,102,2.808,2.77,2.814,2.752,3660,67.53,67.82,68.52,67.33,35966,12410
1203.6,1200.5,1204.8,1192.7,17606,1195.65,1196.68,1199.46,1187.78,1973,2017.5,2033,1957.5,1905,5880,5890,5962,5805,6867,2050,2077,2095,2042,2139,2321,2363,2383.5,2308,3021,19045,18980,19110,18980,75,2.83,2.807,2.836,2.785,3108,69.91,67.52,70.01,67.48,38463,12215
1211.6,1203.4,1213.9,1197.6,20275,1202.3,1195.87,1208.54,1187.78,2036,1973,2039.5,1973,1719,5997,5886,6012.5,5851.5,7140,2057.5,2050,2079,2010,3127,2390,2311,2396.5,2070.5,3411,19050,19045,19135,18770,165,2.824,2.829,2.869,2.818,3327,70.3,69.89,71.26,69.5,47702,12630
1206.4,1212.9,1218,1205,22229,1202.97,1202.36,1212.73,1192.78,2040,2036,2076,2028,1475,5990,5999.5,6074,5985,6689,2044.5,2057,2080,2033.5,2200,2351.5,2390,2406,2347.5,3031,19060,19050,19100,18955,98,2.811,2.823,2.856,2.805,3979,68.81,70.23,70.28,68.35,42102,12595
1198.3,1206.8,1213.8,1197.7,20999,1196.95,1202.78,1212.73,1191.93,2037,2040,2070,2025,1276,5905.5,5990,6037,5896,5650,2034,2044.5,2064.5,2029.5,1740,2312.5,2351.5,2375,2306,2634,19040,19060,19440,19000,91,2.769,2.811,2.814,2.762,3087,68.98,68.8,69.91,67.94,40812,12415
1206.1,1199.8,1209.7,1197.5,16322,1202.57,1193.97,1204.89,1192.89,2068,2037,2072,2014,1463,5950.5,5872.5,5955.5,5861.5,5525,2033.5,2020,2043,2007,2705,2333,2300,2334.5,2290,2740,18940,19040,19040,18870,83,2.816,2.774,2.83,2.769,3252,68.77,68.93,69.72,68.53,24433,12275
1202.9,1206.5,1208.2,1200.3,19763,1199.11,1202.86,1204.89,1192.89,2067,2056,2075,2032,1527,6091,5858,6118.5,5855,10444,2029,2027.5,2056.5,2024,2421,2375,2308,2383,2303,3137,18945,18940,19050,18890,148,2.927,2.816,2.937,2.811,4950,69.75,68.8,70.42,68.53,19189,12360
1208.7,1202.6,1211,1202.2,17643,1203.46,1199,1206.26,1195.93,2025,2067,2079,2011.5,1692,6087,6091,6145,6068.5,5527,2030,2031,2047,2015,1880,2428.5,2375,2437.5,2365.5,3100,18900,18945,19025,18850,138,2.907,2.927,2.948,2.898,3676,71.44,69.74,71.5,69.65,6099,12490
1211.9,1208.4,1213.2,1205.1,16406,1203.67,1203.45,1208.5,1197.75,2010.5,2025,2051,1994,1394,6115,6087,6124,6045.5,5256,2056.5,2030,2061,2028,1876,2468,2428.5,2471,2426.5,2876,18990,18900,18990,18860,91,2.958,2.907,2.991,2.886,4935,70.8,71.37,71.81,70.73,753,12650
1203.3,1212.1,1215.8,1196,23610,1196.06,1203.58,1211.1,1191.95,2040.5,2010.5,2055,2000,1560,6337.5,6141.5,6382.5,6132.5,10364,2081,2056.5,2098,2044,2250,2509,2468,2539,2439,3727,18940,18990,19160,18900,162,2.981,2.962,2.989,2.938,2388,70.71,70.2,71.8,69.98,55971,13275
1203.4,1204.2,1208.8,1198.6,13196,1201.37,1198.42,1204.22,1194.49,2029,2040.5,2069,2024,1385,6298.5,6312.5,6375.5,6289,6158,2044,2075,2092,2043,1834,2519,2509,2564,2487,2650,18890,18940,18980,18850,58,3.043,2.978,3.048,2.951,2391,72.27,71.2,72.74,71.18,40518,12820
1205.7,1203,1207.9,1201.3,12938,1201.26,1201.46,1204.22,1194.49,2010.5,2029,2041,2006,1404,6280.5,6298.5,6329,6213,8157,2064.5,2044,2073.5,2033.5,1877,2516,2515,2550,2481.5,3247,18890,18890,18950,18880,59,3.077,3.044,3.087,3.02,2298,72.08,72.25,72.78,71.89,40940,12955
1198.5,1205.6,1206.9,1194.6,22646,1194.67,1201.17,1203.41,1190.61,1995,2010.5,2029,1981,1298,6289,6280.5,6317,6256,4603,2055,2064.5,2090,2054.5,1863,2545,2516,2545,2493,2752,18875,18890,19040,18805,114,3.021,3.077,3.088,2.981,981,72.04,72.08,72.38,71.47,38587,12820
1186.4,1198.8,1202.6,1185.6,21790,1184.02,1195.11,1198.65,1181.96,2003,1995,2010,1973,1385,6179,6289,6290,6162.5,5789,2025,2055,2063,2025,1931,2516,2545,2557,2484,3835,18885,18875,19075,18830,114,3.059,2.971,3.111,2.963,8009,72.19,72.03,72.6,71.71,33645,12550
1196.2,1186.7,1198,1184.3,18200,1192.49,1182.79,1193.81,1180.9,2032,2003,2062.5,2002,2071,6259.5,6174,6268,6156,7454,2054,2025,2085,2016,3307,2598.5,2516,2648,2511,4870,18845,18885,19015,18800,187,3.001,3.056,3.062,2.977,5661,73.56,72.2,73.73,71.88,38863,12545
1192.6,1195.8,1196.2,1188.1,15106,1188.4,1191.03,1192.41,1184.4,2023,2032,2061,2015,1321,6237.5,6259.5,6290,6152,4964,2082,2054,2085,2045,1935,2641,2598.5,2658,2569,2738,18940,18845,18985,18845,111,3.113,3.01,3.117,3.001,6035,75.47,73.44,75.77,72.95,43512,12430
1207.3,1192.4,1212.3,1192.2,21779,1203.587,1188.258,1208.5,1184.4,2043.5,2023,2068,2001,1269,6253.5,6237.5,6356,6178,7083,2110,2082,2133.5,2074,3109,2657,2641,2728,2626,3276,18985,18940,18985,18885,76,3.164,3.116,3.194,3.109,7100,75.04,75.41,75.91,74.93,31445,12535
1201.1,1207.9,1212.3,1200.4,18692,1199.752,1204.72,1208.5,1188.2,2035,2043.5,2220,2010.5,1323,6332,6253.5,6339.5,6253.5,4209,2245,2110,2245,2104,3668,2670,2657,2684.5,2621.5,2761,19025,18985,19050,18920,79,3.238,3.167,3.261,3.155,7037,76.22,75.06,76.9,74.3,49475,12920
1203.7,1201.3,1210.7,1199.6,18369,1201.29,1199.918,1208.4,1195.7,1996,2035,2056,1987,1304,6228.5,6307,6393.5,6207,5933,2173,2245,2267,2157,4176,2612,2670,2679.5,2610,2443,18925,19025,19060,18915,66,3.191,3.237,3.25,3.129,9408,74.63,76.22,76.47,73.88,42935,12555
1206.7,1203.7,1209.8,1200.9,19096,1201.1,1201.03,1206.8,1195.7,1985.5,1996,2004,1978,1061,6186.5,6228.5,6245,6152,4627,2105.5,2173,2192,2105.5,3455,2621,2612,2639,2592.5,2441,18970,18925,19025,18920,61,3.155,3.186,3.224,3.109,7444,74.29,74.63,75.22,73.84,43136,12655
1191.5,1207,1208,1186,21557,1185.67,1202.63,1204.08,1182.97,1973,1985.5,2000,1967,1170,6196.5,6197,6224.5,6126,5199,2068,2098,2098,2044.5,3545,2623.5,2620,2630,2562,4330,18925,18970,19000,18900,62,3.281,3.185,3.294,3.174,7525,74.22,74.41,74.58,73.07,38285,12665
1193.1,1192.3,1195.8,1186.6,17212,1189.09,1188.47,1191.97,1183.43,1938,1974,2013.5,1928,2177,6295,6202,6303.5,6163,6511,2056.5,2068,2073.5,2031,2199,2679,2623.5,2698,2615,4299,18960,18925,19000,18920,65,3.307,3.28,3.368,3.237,9020,74.67,74.22,75.28,74,41580,12970
1198.1,1193.1,1198.6,1188.5,16237,1189.4,1189.31,1194.94,1185.44,1913,1938,1950.5,1903,1710,6218,6295,6310.5,6212,5476,2037.5,2056.5,2066,2030,1936,2617,2679,2715,2611.5,3719,19000,18960,19050,18955,79,3.275,3.306,3.358,3.251,10384,72.63,74.69,75.08,72.38,43620,12700
1227.7,1198.3,1230,1194.7,35068,1219.39,1189.28,1226.42,1185.44,1997.5,1910,2005,1876,2768,6273.5,6175,6300,6091.5,10312,2025,2037.5,2044.5,2017.5,2070,2619.5,2617,2654,2581.5,4331,19190,19000,19340,18960,258,3.235,3.279,3.287,3.153,11119,70.99,72.68,72.76,70.51,54911,12705
1221.6,1227.8,1228.1,1219.3,22618,1219.56,1219.43,1224.51,1191.34,2046,1997.5,2076.5,1976,2533,6288.5,6231.5,6335,6228,6229,2030.5,2024,2059,2022.5,1930,2638.5,2619.5,2670.5,2592,3279,19125,19190,19200,19000,108,3.146,3.235,3.27,3.138,9042,71.51,70.98,72.01,70.64,44722,12685
1230.5,1220.7,1236.9,1220.4,21585,1228.13,1217.14,1233.33,1217.19,2079.5,2046,2116,2027.5,2234,6239.5,6295,6342,6231.5,5333,2033,2033,2054.5,2026,2332,2594.5,2638.5,2654,2589,3052,19160,19125,19175,19030,143,3.26,3.221,3.273,3.177,8419,71.72,71.89,72.7,70.85,43972,12585
1228.1,1230.5,1235.9,1226.3,18767,1228.2,1227.87,1232.47,1223.5,2065.5,2079.5,2108.5,2052,1447,6233,6239.5,6252.5,6183.5,5345,2037.5,2036,2039.5,2014,2222,2599.5,2594.5,2612.5,2562,2824,19200,19160,19200,19045,109,3.253,3.258,3.311,3.21,8053,72.17,71.7,72.29,71.02,37152,12535
1225.5,1227.9,1232.9,1223.7,21431,1226.45,1228.19,1232.47,1220.67,2035,2068.5,2071,2016,1546,6220.5,6203.5,6276,6175,6640,2023.5,2028.5,2044.5,2015,2123,2666,2575,2670,2575,3770,19150,19145,19260,19075,133,3.316,3.255,3.34,3.24,7952,70.05,72.23,72.43,69.43,38979,12355
1228.9,1225.2,1233.6,1221.7,21243,1229.43,1221.9,1230.16,1218.78,1999.5,2047,2047,1993,1170,6132,6220.5,6226,6121.5,6492,2008,2023.5,2029.5,2008,2189,2665,2665,2687,2631,4088,19050,19150,19190,19010,106,3.308,3.318,3.32,3.193,9361,69.82,69.99,70.02,68.47,22468,12295
1230,1228.6,1234.1,1226.2,14723,1226.63,1229.3,1230.86,1218.78,1995.5,2035,2035,1970.5,925,6222,6214.5,6242.5,6125.5,4857,2006.5,2019,2026,1996.5,1535,2623,2653.5,2682.5,2620,2842,19135,19150,19170,19050,79,3.231,3.226,3.258,3.155,8027,69.37,68.68,69.77,68.56,6756,12475
1224.9,1230.5,1232.6,1222.8,14799,1221.43,1226.48,1229.67,1220.16,2001,1995.5,2027.5,1985,1009,6228.5,6222,6331.5,6211.5,6389,2010,2006.5,2032,2002,1499,2656,2623,2674.5,2623,2121,19225,19135,19300,19135,97,3.135,3.227,3.247,3.126,7528,69.17,69.41,69.65,68.27,729,12460
1233.2,1225,1243,1224.5,22636,1233.5,1221.86,1239.84,1221.74,2003.5,2001,2016.5,1993,670,6183,6228.5,6237.5,6148,6036,2003,2010,2017,1998,1689,2666,2656,2673,2623.5,2545,19250,19225,19400,19215,159,3.222,3.133,3.24,3.111,8786,66.09,69.55,69.66,65.74,60136,12395
1236.4,1233.5,1238,1228.3,18208,1228.66,1233.35,1239.84,1221.74,2005,2003.5,2026.5,1994,729,6178,6183,6275.5,6171,5004,2004,2008,2017,1996,1249,2665.5,2666,2721,2657,3181,19345,19250,19415,19250,160,3.186,3.217,3.25,3.159,6781,66.39,66.13,67.72,66.05,59135,12215
1234.6,1237,1242,1230.5,20417,1229.56,1228.26,1239.24,1225.73,2004,2005,2023,1996,787,6197.5,6165.5,6227.5,6113.5,6729,1990.5,2001,2008.5,1990,1413,2650,2665.5,2668.5,2621.5,2081,19325,19345,19350,19140,181,3.169,3.183,3.233,3.153,5421,66.98,66.36,67.65,65.99,43650,12185
1235.4,1234.5,1246,1232.5,24814,1239.52,1232.24,1243.48,1230.15,1997,2004,2009.5,1984,750,6182,6197.5,6197.5,6100,6058,2006,1991,2006,1975,1608,2654,2650,2664.5,2610,1931,19250,19325,19325,19210,129,3.202,3.172,3.203,3.102,4536,67.62,66.95,67.88,66.2,46445,11880
1231.2,1236,1237.6,1226.1,18116,1230.13,1233.95,1235.45,1224.4,1960.5,1997,1998,1957.5,909,6156.5,6199,6240,6152,4908,1980.5,2006,2006,1978.5,1166,2610,2662,2668,2606.5,1832,19125,19250,19295,19105,104,3.185,3.139,3.202,3.1,963,66.69,67.55,67.95,66.29,41675,11735
1224.6,1232,1232.5,1221.4,16754,1224.25,1230.22,1235.45,1219.96,1938.5,1960,1969,1916,1331,6020,6127,6155.5,6015,7112,1966.5,1979,1989,1966,1586,2548.5,2605.5,2613,2541.5,2999,19075,19105,19130,19000,94,3.214,3.184,3.281,3.166,8625,66.35,66.68,67.26,65.33,51508,11750
1216.1,1224.6,1225,1213.4,17462,1216.69,1222.94,1225.13,1212.03,1915.5,1942.5,1942.5,1886,1446,5992.5,6026.5,6057.5,5984,5251,1955,1965,1981,1953,1576,2482,2541.5,2567.5,2482,2858,19100,19095,19155,19020,96,3.284,3.211,3.294,3.207,8561,64.86,66.33,67,64.81,45058,11530
,,,,,,,,,,,,,,,,,,,,,,,,,,,,,,,,,,,,,,,,,,,,15016.1
,,,,,,,,,,,,,,,,,,,,,,,,,,,,,,,,,,,,,,,,,,,,8477.3
,,,,,,,,,,,,,,,,,,,,,,,,,,,,,,,,,,,,,,,,,,,,30779.1
,,,,,,,,,,,,,,,,,,,,,,,,,,,,,,,,,,,,,,,,,,,,13597.6
,,,,,,,,,,,,,,,,,,,,,,,,,,,,,,,,,,,,,,,,,,,,20952.8
,,,,,,,,,,,,,,,,,,,,,,,,,,,,,,,,,,,,,,,,,,,,4801.6
,,,,,,,,,,,,,,,,,,,,,,,,,,,,,,,,,,,,,,,,,,,,34161.7
,,,,,,,,,,,,,,,,,,,,,,,,,,,,,,,,,,,,,,,,,,,,15237.5
,,,,,,,,,,,,,,,,,,,,,,,,,,,,,,,,,,,,,,,,,,,,9761.5
,,,,,,,,,,,,,,,,,,,,,,,,,,,,,,,,,,,,,,,,,,,,23622.5
,,,,,,,,,,,,,,,,,,,,,,,,,,,,,,,,,,,,,,,,,,,,31315.9
,,,,,,,,,,,,,,,,,,,,,,,,,,,,,,,,,,,,,,,,,,,,5503.9
,,,,,,,,,,,,,,,,,,,,,,,,,,,,,,,,,,,,,,,,,,,,28325.4
,,,,,,,,,,,,,,,,,,,,,,,,,,,,,,,,,,,,,,,,,,,,17840.3
,,,,,,,,,,,,,,,,,,,,,,,,,,,,,,,,,,,,,,,,,,,,15236.7
,,,,,,,,,,,,,,,,,,,,,,,,,,,,,,,,,,,,,,,,,,,,33651.1
,,,,,,,,,,,,,,,,,,,,,,,,,,,,,,,,,,,,,,,,,,,,15929.4
,,,,,,,,,,,,,,,,,,,,,,,,,,,,,,,,,,,,,,,,,,,,9447.4
,,,,,,,,,,,,,,,,,,,,,,,,,,,,,,,,,,,,,,,,,,,,17802.4
,,,,,,,,,,,,,,,,,,,,,,,,,,,,,,,,,,,,,,,,,,,,14397
,,,,,,,,,,,,,,,,,,,,,,,,,,,,,,,,,,,,,,,,,,,,20452
,,,,,,,,,,,,,,,,,,,,,,,,,,,,,,,,,,,,,,,,,,,,30338.8
