,1,2,3,4,5,6,7,8,9,10,11,12,13,14,15,16,17,18,19,20,21,22,23,24,25,26,27,28,29,30,31,32,33,34,35,36,37,38,39,40,41,42,43,44,45,46,47,48,49,50,51,52,53,54,55,56,57,58,59,60,61,62,63,64,65,66,67,68,69,70,71,72,73,74,75,76,77,78,79,80,81,82,83,84,85,86,87,88,89,90,91,92,93,94,95,96,97,98,99,100,101,102,103,104,105,106,107,108,109,110,111,112,113,114,115,116,117,118,119,120,121,122,123,124,125,126,127,128,129,130,131,132,133,134,135,136,137,138,139,140,141,142,143,144,145,146,147,148,149,150,151,152,153,154,155,156,157,158,159,160,161,162,163,164,165,166,167,168,169,170,171,172,173,174,175,176,177,178,179,180,181,182,183,184,185,186,187,188,189,190,191,192,193,194,195,196,197,198,199,200,201,202,203,204,205,206,207,208,209,210,211,212,213,214,215,216,217
COMEX_Gold_close,1319.1,1314.5,1324,1320.3,1321.2,1313.6,1317.4,1323,1338.3,1340.5,1338.8,1327.3,1327,1331.1,1333.4,1341,1357.8,1346.9,1348.7,1338.7,1337.5,1348.5,1351.9,1335.2,1342.4,1326.9,1320.6,1320.8,1318.1,1325.1,1332,1353.6,1356.3,1349.4,1348.9,1331.4,1326.6,1334,1330.5,1334.9,1319.2,1319.4,1318.1,1323.7,1320.9,1335.7,1326.3,1322.5,1324,1323.5,1326.8,1325,1316.2,1313.9,1316.7,1310.9,1332.5,1328.9,1347.3,1353.4,1344.6,1323.8,1325,,1345.4,1336.5,1337,1329.9,1337.3,1339.6,1343.1,1356.8,1337.5,1348.6,1348.9,1350.5,1352.4,1348,1337.6,1326.6,1332.2,1324.4,1317.8,1324.1,1316.1,1304.6,1305.8,1312.8,1316,1314.6,1315,1312.8,1321.8,1318.4,1313.2,1290.1,1290.1,1290,1291.7,1292,1290.5,1293,1304,1301.2,1297.5,1298.3,1300.7,1302.7,1297.9,1295.9,1300.4,1300.6,1301.3,1303.5,1304.4,1299.6,1302.9,1305.9,1282,1280.6,1277,1270,1269,1271.1,1267.3,1260.8,1253.8,1249.5,1254.2,1242.8,1254,1258.1,1258.8,1255.9,1258.3,1255.8,1241.8,1247.7,1241.8,1241,1227.4,1227.3,1222.5,1231.9,1224.5,1224.5,1231.8,1222.1,1222.2,1220.3,1232.9,1224.5,1215.9,1221.9,1215.6,1218.8,1221.8,1220,1219.2,1200.5,1201.1,1181.8,1181,1191.8,1197.3,1202.7,1202.5,1191.8,1212.3,1217.5,1207,1212.8,1205.8,1206.9,1207,1197.1,1202.3,1205.3,1201.8,1201,1203.6,1211.6,1206.4,1198.3,1206.1,1202.9,1208.7,1211.9,1203.3,1203.4,1205.7,1198.5,1186.4,1196.2,1192.6,1207.3,1201.1,1203.7,1206.7,1191.5,1193.1,1198.1,1227.7,1221.6,1230.5,1228.1,1225.5,1228.9,1230,1224.9,1233.2,1236.4,1234.6,1235.4,1231.2,1224.6,1216.1
COMEX_Gold_open,1309.1,1319,1315.5,1323.9,1321.8,1321.3,1313.1,1317.5,1323.3,1337.1,1340.9,1338.9,1327.2,1327.3,1334.2,1333.3,1341.4,1357.1,1346.3,1349.1,1339.4,1341.8,1348.2,1352.2,1334.6,1342.9,1326.6,1320.7,1320.3,1317.5,1325,1331.9,1353,1356.8,1350.2,1349.2,1331.2,1326.2,1333.7,1330.1,1334.7,1319.1,1319.3,1318,1324.9,1321,1339.4,1326.2,1322.7,1323.6,1324,1326.7,1324.7,1316.4,1312.9,1316.5,1310.6,1332,1329.1,1347.1,1353.6,1344.9,1324.1,,1330.8,1345,1336.7,1337.1,1329.7,1338,1339.8,1342.6,1356.3,1337.9,1349.9,1348.9,1350.6,1352.5,1348.5,1336.2,1326.2,1331.8,1324.4,1318,1317.4,1316,1304.3,1305.4,1312.6,1315.9,1313.8,1315.3,1312.9,1321.6,1318.5,1313.1,1289.7,1290.2,1290.1,1290.3,1292.3,1290.6,1293.3,1303.9,1299.7,1297.2,1298,1306,1303,1296.7,1296.4,1300.6,1300.9,1301.2,1303.6,1304.6,1299.7,1303.1,1305.8,1281.1,1280.7,1277.1,1269.7,1268.8,1272.2,1267.3,1260.6,1253.6,1249.4,1253.4,1242.9,1253.8,1257.6,1258.4,1256.5,1258.5,1256.3,1242.1,1247.6,1241,1240.8,1227.3,1227.4,1223.1,1231.6,1224.6,1224.2,1231.7,1222.5,1221.6,1230.5,1232.7,1224.7,1216.1,1221.8,1215.9,1218.7,1221.9,1220.2,1218.6,1201.2,1201.7,1182.6,1180.7,1190.7,1197.4,1203,1202.8,1191.9,1214.3,1217.6,1206.7,1212.7,1206.2,1206.2,1207.2,1196.8,1202.4,1205.6,1200.7,1200.5,1203.4,1212.9,1206.8,1199.8,1206.5,1202.6,1208.4,1212.1,1204.2,1203,1205.6,1198.8,1186.7,1195.8,1192.4,1207.9,1201.3,1203.7,1207,1192.3,1193.1,1198.3,1227.8,1220.7,1230.5,1227.9,1225.2,1228.6,1230.5,1225,1233.5,1237,1234.5,1236,1232,1224.6
COMEX_Gold_high,1320.4,1323,1327.3,1324.7,1323,1321.4,1328.6,1324.7,1340,1345,1342.6,1344.5,1333.3,1338.2,1335.8,1341.5,1361.6,1365.4,1356,1351.4,1347.8,1351,1354.3,1353.3,1344.6,1349.3,1334.8,1324.4,1325,1330,1333.5,1358.6,1359.8,1364.4,1354,1350.7,1338.5,1334.4,1334.2,1342.9,1338.4,1323.7,1322.3,1326.6,1328.9,1339.9,1342,1329.8,1325.9,1324.7,1328.8,1330.5,1328.1,1321.8,1319.6,1318.1,1336.9,1335,1350.4,1356,1356.8,1346.4,1327.1,,1349.2,1346.6,1352.5,1338.7,1339.1,1341.5,1346.2,1369.4,1356.8,1350.3,1353.5,1352.2,1359,1357.7,1348.9,1337.6,1334.5,1333.8,1328,1326.4,1321.9,1317.4,1314.9,1319,1316.9,1320.1,1318.5,1317.8,1323.4,1326.3,1322.4,1314.7,1296.4,1294,1293.7,1292.7,1296,1298.4,1306.4,1307.2,1300.4,1306.1,1303.7,1311.5,1304.8,1302.3,1304.8,1306.1,1307.8,1304.8,1307,1304.8,1305.2,1313,1306.7,1284.9,1286.8,1278.6,1272.3,1273.1,1274.4,1269.4,1261.9,1255.8,1257.1,1255.6,1258.5,1262.4,1261,1260.2,1266.9,1261,1257.3,1248.8,1248.5,1245.8,1245.1,1229.1,1229.6,1232.4,1235.2,1229.7,1234.3,1235.3,1226.9,1223.9,1237.8,1233.7,1230,1228.5,1226,1224.3,1223.8,1225.6,1224.9,1221.4,1205.8,1202,1189,1192,1197.7,1204.3,1208.4,1203.4,1215.4,1218.8,1220.7,1213.7,1214,1214.9,1209.7,1207.6,1204.2,1212.7,1209,1203.8,1204.8,1213.9,1218,1213.8,1209.7,1208.2,1211,1213.2,1215.8,1208.8,1207.9,1206.9,1202.6,1198,1196.2,1212.3,1212.3,1210.7,1209.8,1208,1195.8,1198.6,1230,1228.1,1236.9,1235.9,1232.9,1233.6,1234.1,1232.6,1243,1238,1242,1246,1237.6,1232.5,1225
COMEX_Gold_low,1305.1,1308.9,1307.1,1314.6,1315.7,1309.5,1308.9,1316.1,1321,1336.3,1332.1,1326.6,1324.3,1326.6,1328,1330.7,1339.1,1341,1343.7,1336.1,1332.8,1335.5,1340.2,1330.1,1331.6,1322.8,1313.5,1309,1313.2,1316.3,1323.7,1319.1,1350.8,1347.3,1348.3,1330.6,1324.4,1322.9,1327.7,1328,1314.4,1316.7,1303.6,1316.2,1318.3,1320.8,1323,1319.6,1313.2,1315.3,1313.8,1321.7,1314.9,1309.5,1307.4,1306.6,1309.5,1324.6,1328.9,1343.4,1339.6,1322.4,1321.7,,1329.6,1332.7,1335.2,1326,1322.6,1330.1,1334.2,1342.5,1336.7,1335.5,1342.8,1340.2,1345,1343.2,1337,1323.8,1323.6,1320.2,1316.2,1315.8,1315.2,1302.3,1304.3,1305.2,1308.5,1310.6,1306.2,1304.2,1310.6,1317,1312.8,1288.2,1285.7,1284,1285.1,1281.2,1287.2,1286.7,1292.2,1299.4,1294.6,1291.4,1295.2,1301,1293.1,1293.8,1293.5,1297.7,1299,1296,1297.8,1296.3,1294.5,1301,1277.9,1279.5,1272.6,1269.6,1262.4,1268.4,1265.5,1256.4,1252.2,1247.2,1246.9,1240.6,1238.8,1253.3,1252.2,1253.7,1255.7,1247.7,1241.7,1241.4,1236.2,1238.3,1225.9,1220.9,1210.7,1215.3,1222.2,1218.1,1223.2,1221.7,1216.7,1218.1,1222.6,1224.4,1215.3,1212.5,1214.4,1215.7,1213.6,1218.4,1213.1,1198.6,1198.9,1180,1167.1,1178.5,1189.6,1194.3,1199.2,1190.2,1189.5,1209.3,1205.8,1206.6,1202.1,1204.1,1201.2,1195.1,1196.4,1200.5,1198.7,1196.2,1192.7,1197.6,1205,1197.7,1197.5,1200.3,1202.2,1205.1,1196,1198.6,1201.3,1194.6,1185.6,1184.3,1188.1,1192.2,1200.4,1199.6,1200.9,1186,1186.6,1188.5,1194.7,1219.3,1220.4,1226.3,1223.7,1221.7,1226.2,1222.8,1224.5,1228.3,1230.5,1232.5,1226.1,1221.4,1213.4
COMEX_Gold_volume,18577,26988,29338,28055,17582,21696,31150,22095,31082,17507,26818,31517,27233,22668,20074,22585,26785,39771,23136,14513,3005,33851,26361,37294,28180,45396,28371,30189,30236,19030,17284,35839,19568,24200,9184,21272,24322,17233,13760,20119,28446,17874,33742,21885,18175,21701,25096,18665,33305,16435,28108,21191,20391,21321,19758,18050,36804,22307,28239,14738,11828,2887,372,,21272,22569,29564,23370,35086,20214,24494,39297,33150,24935,26830,26993,27108,32936,23324,23356,24680,20782,24613,20471,20185,20187,27128,23735,26629,19189,29282,28469,29208,19299,16928,30488,23739,22369,18672,20942,21955,26607,24088,17737,6694,17007,2577,24572,28505,18423,21048,18385,18545,15759,16573,17220,22363,26094,35428,12671,21472,16084,20254,12520,14865,17035,17338,16888,14901,16637,19527,12875,16681,16165,14868,18469,19043,13951,15480,12174,20472,15934,24044,20935,18129,17607,16820,13961,11045,2903,21560,15993,16801,23184,13740,14580,15725,15155,20302,24342,17052,22674,30945,18071,14745,16518,17563,17384,21818,14655,19755,16562,33751,17664,10927,19981,14806,20046,22596,14977,17606,20275,22229,20999,16322,19763,17643,16406,23610,13196,12938,22646,21790,18200,15106,21779,18692,18369,19096,21557,17212,16237,35068,22618,21585,18767,21431,21243,14723,14799,22636,18208,20417,24814,18116,16754,17462
LIFFE_Gold_close,1312.37,1316.45,1319.37,1318.99,1319.21,1311.76,1318.41,1320.87,1330.64,1340.39,1334.99,1335.65,1329.17,1333.11,1334.15,1337.99,1352.76,1357.45,1352.03,1339.45,1341.51,1342.32,1341.72,1329.6,1335.03,1328.04,1320.58,1314.56,1314.75,1324.04,1328.12,1348.13,1350.9,1355.7,1348.11,1338.22,1330.3,1328.14,1328.61,1332.01,1317.11,1318.39,1305.68,1320.14,1321.59,1336.77,1326.87,1319.79,1321.2,1318.36,1326.28,1323.99,1317.04,1313.54,1319.33,1312.22,1324.93,1327.58,1349.05,1355.14,1342.75,1328.76,1323.23,,1338.44,1332.32,1334.39,1325.13,1332.14,1333.27,1338.7,1361.53,1338.06,1345.15,1347.04,1343.93,1350.43,1342.08,1338.02,1322.62,1329,1321.06,1316.39,1321.75,1315.19,1305.77,1306.94,1313.72,1311.29,1314.01,1310.7,1313.55,1318.8,1321.97,1319.31,1293.38,1289.53,1288.62,1291.31,1289.25,1292.55,1291.39,1303.84,1304.48,1298.42,1302.62,1304.14,1301.08,1296.55,1293.56,1296.46,1299.79,1298.01,1298.6,1301.24,1297.5,1297.59,1304.33,1277.77,1278.26,1275.61,1274.19,1267.49,1268.61,1266.74,1260.94,1254.22,1250.24,1252.65,1243.7,1256.49,1256.11,1257.59,1254.01,1260.39,1255.64,1247.03,1247.38,1242.01,1239.5,1227.42,1225.85,1216.57,1229.09,1225.15,1224.2,1228.58,1226.12,1226.5,1223.4,1223.85,1218.95,1213.91,1217.69,1210.58,1212.42,1209.71,1213.82,1211.81,1195.75,1196.46,1176.58,1179.51,1178,1186.54,1189.35,1195.99,1189.1,1208.28,1209.34,1208.65,1204.12,1199.28,1200.33,1200.81,1191.54,1196.84,1198.59,1196.82,1196.46,1195.65,1202.3,1202.97,1196.95,1202.57,1199.11,1203.46,1203.67,1196.06,1201.37,1201.26,1194.67,1184.02,1192.49,1188.4,1203.587,1199.752,1201.29,1201.1,1185.67,1189.09,1189.4,1219.39,1219.56,1228.13,1228.2,1226.45,1229.43,1226.63,1221.43,1233.5,1228.66,1229.56,1239.52,1230.13,1224.25,1216.69
LIFFE_Gold_open,1302.66,1317.75,1313.18,1321.82,1320.99,1320.3,1312.2,1317.15,1321.9,1336.47,1339.52,1338.84,1326.98,1326.55,1333.77,1333.34,1341,1357.53,1347.17,1350.39,1341.07,1337.32,1343.83,1347.93,1331.13,1338.15,1324.6,1317.31,1318.55,1315.44,1322.74,1329.29,1349.91,1353.66,1347.23,1347.84,1329.2,1324.35,1331.58,1329.5,1333.11,1317.82,1318.71,1316.32,1323.65,1320.16,1339.6,1325.74,1321.5,1324.06,1322.75,1326.83,1324.71,1316.53,1313.73,1316.88,1310.72,1332.3,1329.64,1348.05,1352.99,1345.46,1326.13,,1325.43,1340.72,1332.86,1334.36,1325.13,1334.36,1333.34,1338.51,1361.16,1338.06,1344.42,1347.16,1347.33,1350.84,1342.49,1334.96,1322.38,1329.01,1321.14,1317.25,1322.29,1315.42,1305.78,1306.73,1313.82,1314.83,1313.83,1310.64,1313.26,1319.09,1318.22,1319.44,1293.54,1289.64,1290.4,1291.08,1289.45,1292.7,1291.58,1304.53,1299.57,1298.53,1299.16,1301.85,1300.96,1293.32,1293.86,1296.95,1299.78,1297.91,1299.8,1301.17,1297.977,1297.68,1304.37,1278.41,1278.06,1275.49,1274.21,1267.49,1269.92,1266.34,1260.83,1254.34,1250.43,1252.46,1243.56,1256.5,1256.11,1257.3,1255.21,1259.95,1255.94,1247.02,1247.45,1241.25,1239.55,1227.52,1225.95,1216.07,1231.32,1224.95,1224.48,1228.48,1226.21,1222.94,1223.5,1223.89,1218.93,1208.37,1213.97,1207.8,1212.43,1209.81,1213.82,1211.48,1196.15,1196.53,1176.38,1179.31,1183.51,1186.45,1189.41,1195.8,1189.1,1207.35,1209.33,1208.65,1204.11,1199.08,1200.69,1200.8,1191.65,1196.65,1198.9,1195.65,1196.68,1195.87,1202.36,1202.78,1193.97,1202.86,1199,1203.45,1203.58,1198.42,1201.46,1201.17,1195.11,1182.79,1191.03,1188.258,1204.72,1199.918,1201.03,1202.63,1188.47,1189.31,1189.28,1219.43,1217.14,1227.87,1228.19,1221.9,1229.3,1226.48,1221.86,1233.35,1228.26,1232.24,1233.95,1230.22,1222.94
LIFFE_Gold_high,1319.01,1321.56,1326.07,1323.47,1322.2,1320.75,1327.77,1324.02,1341.43,1344.81,1342.36,1344.05,1333.18,1338.17,1335.8,1341.88,1362.1,1366.15,1357.2,1352.44,1348.98,1347.63,1351.08,1350.15,1341.53,1346.21,1332.36,1322.23,1322.81,1326.8,1331.1,1355.62,1357.2,1361.82,1351.47,1348.3,1336.31,1332.31,1332.54,1341.06,1336.8,1322.55,1321.15,1325.49,1327.83,1338.58,1340.59,1329.08,1325.25,1324.38,1328.36,1330.11,1328,1321.82,1319.7,1318.34,1336.7,1335.01,1350.33,1356.02,1356.92,1347.07,1328.39,,1344.96,1342.56,1348.3,1348.3,1335.51,1338.03,1342.64,1365.22,1365.22,1353.38,1350.56,1350.56,1355.73,1355.73,1354.77,1335.57,1335.57,1332.14,1332.14,1326.59,1327,1325.5,1316.43,1318.17,1318.17,1319.1,1319.1,1317.5,1322.9,1326.03,1322.4,1322.4,1314.91,1296.96,1294.24,1293.19,1296.21,1298.62,1306.69,1307.81,1300.37,1306.64,1304.4,1306.55,1306.55,1298.14,1300.57,1301.84,1303.19,1303.19,1302.28,1304.4,1301.25,1309.37,1309.37,1282.48,1284.13,1284.13,1276.49,1271.18,1272.65,1272.65,1267.73,1260.12,1255.68,1254.3,1256.91,1261.18,1261.18,1259.82,1265.99,1265.99,1260.37,1256.96,1248.6,1245.64,1245.64,1245.06,1229.45,1232.91,1235.18,1235.18,1234.21,1235.23,1235.23,1225.13,1228.59,1224.9,1224.9,1220.05,1219.32,1216.23,1216.23,1217.37,1217.37,1213.94,1213.94,1198.79,1194.77,1185.9,1190.91,1197.1,1201.64,1201.64,1208.59,1212.4,1214.35,1214.35,1207.96,1208.94,1203.93,1203.93,1202.05,1207.06,1207.06,1198.56,1199.46,1208.54,1212.73,1212.73,1204.89,1204.89,1206.26,1208.5,1211.1,1204.22,1204.22,1203.41,1198.65,1193.81,1192.41,1208.5,1208.5,1208.4,1206.8,1204.08,1191.97,1194.94,1226.42,1224.51,1233.33,1232.47,1232.47,1230.16,1230.86,1229.67,1239.84,1239.84,1239.24,1243.48,1235.45,1235.45,1225.13
LIFFE_Gold_low,1302.59,1307.6,1305.98,1313.77,1314.91,1308.97,1308.33,1315.79,1321.67,1336.09,1331.97,1326.2,1324.33,1326.45,1328.51,1331.45,1339.6,1342.55,1344.68,1337.71,1334.54,1332.82,1337.34,1327.46,1329.08,1320.26,1311.51,1307.17,1311.25,1314.28,1321.68,1317.91,1348.67,1344.87,1345.9,1328.54,1322.5,1321.04,1325.9,1326.66,1313.55,1315.69,1302.89,1315.29,1317.61,1320.05,1322.27,1319.11,1312.96,1315.18,1314.17,1321.55,1315.03,1309.74,1307.86,1307.23,1309.92,1324.88,1328.88,1343.57,1339.89,1323.54,1321.31,,1324.94,1328.97,1330.99,1322.79,1319.9,1326.95,1326.95,1331.18,1333.84,1333.54,1340.34,1337.77,1337.77,1341.03,1334,1322.15,1322.11,1318.83,1315.36,1315.36,1310.27,1301.79,1301.79,1303.76,1304.64,1310.04,1306.14,1304.34,1304.34,1310.86,1313.05,1288.78,1286.46,1285.24,1286.16,1282.18,1282.18,1288.01,1288.01,1292.83,1295.6,1293.04,1296.03,1296.03,1289.5,1290.32,1289.88,1289.88,1293.9,1293.28,1294.18,1292.7,1292.24,1292.24,1275.49,1277.11,1270.52,1267.69,1261.5,1261.5,1264.53,1254.85,1250.84,1246.02,1246.26,1239.77,1237.98,1237.98,1251.2,1251.37,1253.32,1247.41,1241.61,1238.64,1236.56,1238.42,1226.16,1221.17,1211.63,1211.63,1222.37,1218.25,1218.25,1222.44,1217.61,1219.11,1214.04,1214.04,1207.18,1204.58,1206.42,1207.46,1206.62,1206.62,1205.89,1191.8,1192.15,1173.2,1160.39,1160.39,1182.86,1182.86,1187.76,1183.97,1183,1203.22,1199.73,1200.94,1196.36,1196.36,1195.8,1189.69,1189.69,1190.96,1193.53,1191.56,1187.78,1187.78,1192.78,1191.93,1192.89,1192.89,1195.93,1197.75,1191.95,1194.49,1194.49,1190.61,1181.96,1180.9,1184.4,1184.4,1188.2,1195.7,1195.7,1182.97,1183.43,1185.44,1185.44,1191.34,1217.19,1223.5,1220.67,1218.78,1218.78,1220.16,1221.74,1221.74,1225.73,1230.15,1224.4,1219.96,1212.03
LME_Lead_close,2558,2577,2571,2555,2604.5,2548,2553,2549,2543,2582.5,2562.5,2562,2604,2586,2610.5,2608,2633.5,2584.5,2608,2598.5,2601.5,2618,2665,2668,2639.5,2595.5,2524,2528,2538,2517,2550.5,2583,2612,2607.5,2588,2588,2562,2552,2540,2577,2570.5,2502,2446,2455,2431,2430,2377.5,2348.5,2386.5,2336,2398,2392.5,2410,2378.5,2361,2347.5,2397,2368,2343,2386,2406,2415,2397,2397,,2399.5,2368,2386,2383,2382.5,2388,2391,2337,2304,2353,2359,2368,2347.5,2337.5,2318,2310,2310,2338.5,2346,2316,2303.5,2278,2272,2316,,2294,2291.5,2301,2348,2384.5,2356.5,2340,2363,2335.5,2415,2465.5,2467.5,2493,2437.5,,2430.5,2447,2458.5,2464.5,2500,2503,2531,2496,2467,2482.5,2468,2485,2460,2401,2438.5,2417,2413,2396.5,2414.5,2411.5,2417,2433,2402,2409,2390,2386,2335,2366.5,2344,2331,2320,2204.5,2212,2215,2168.5,2174.5,2170,2134.5,2138,2128.5,2151,2153.5,2168,2132.5,2159.5,2164,2125,2128,2112.5,2115.5,2141,2138.5,2108,2098,2103,2074,1949,2006.5,2000,1980,2014.5,2015,2060,2078.5,,2076,2083.5,2074,2088.5,2128.5,2066,2048.5,2043,2059,2017.5,1973,2036,2040,2037,2068,2067,2025,2010.5,2040.5,2029,2010.5,1995,2003,2032,2023,2043.5,2035,1996,1985.5,1973,1938,1913,1997.5,2046,2079.5,2065.5,2035,1999.5,1995.5,2001,2003.5,2005,2004,1997,1960.5,1938.5,1915.5
LME_Lead_open,2498,2558,2577,2571,2555,2604.5,2548,2553,2549,2543,2582.5,2562.5,2562,2604,2586,2610.5,2608,2633.5,2584.5,2605,2598.5,2601.5,2615,2665,2668,2639.5,2604,2524,2528,2538,2517,2550.5,2575,2612,2607.5,2588,2588,2560,2532.5,2540,2577,2584,2502,2447.5,2455,2431,2430,2377.5,2348.5,2386.5,2336,2399,2391,2398.5,2377.5,2364,2350.5,2398,2362.5,2350,2386,2406,2420,2420,,2395,2399.5,2368,2386,2383,2382.5,2388,2391,2337,2304,2353,2359,2368,2347.5,2337.5,2318,2310,2310,2338.5,2346,2313,2303.5,2278,2272,,2320,2294,2291.5,2301,2348,2384.5,2356.5,2340,2363,2335.5,2415,2465.5,2467.5,2493,,2437.5,2430.5,2447,2458.5,2464.5,2500,2503,2531,2520,2467,2482.5,2492,2485,2460,2401,2438.5,2417,2413,2396.5,2414.5,2411.5,2417,2433,2402,2409,2390,2386,2335,2366.5,2344,2331,2320,2194,2212,2215,2168.5,2174.5,2170,2134.5,2138,2128.5,2151,2153.5,2168,2132.5,2159.5,2155,2125,2128,2112.5,2130,2141,2138.5,2108,2098,2103,2074,1954,2006.5,2000,1980,2014.5,2015,2060,,2078.5,2076,2083.5,2074,2088.5,2128.5,2066,2048.5,2043,2059,2017.5,1973,2036,2040,2037,2056,2067,2025,2010.5,2040.5,2029,2010.5,1995,2003,2032,2023,2043.5,2035,1996,1985.5,1974,1938,1910,1997.5,2046,2079.5,2068.5,2047,2035,1995.5,2001,2003.5,2005,2004,1997,1960,1942.5
LME_Lead_high,2570,2580,2594,2589,2610,2607,2580,2575,2563.5,2587,2582.5,2570,2613.5,2630.5,2624.5,2636.5,2649.5,2653,2624,2650,2624,2636,2668,2685,2673.5,2640,2611,2537,2544,2546,2565,2593,2621.5,2639,2615,2604,2592,2567,2558.5,2596,2586,2584,2504.5,2469,2464.5,2445,2443.5,2399,2390,2387.5,2400,2448,2416.5,2432,2396.5,2371,2414.5,2420,2362.5,2393,2410,2425,2424,2424,,2420.5,2404.5,2396.5,2398,2396.5,2403,2410,2397,2364.5,2381,2364,2414,2398.5,2384,2358,2359,2340.5,2344,2350,2366,2334.5,2338,2292,2324,,2336,2316.5,2335,2358,2402,2393.5,2373.5,2374,2373,2418,2478,2478,2515,2507,,2467,2450,2467,2465,2510,2534,2534,2555.5,2520,2505,2502,2508.5,2490,2462.5,2444.5,2448,2427.5,2422,2422.5,2427.5,2434.5,2449,2436.5,2443,2421.5,2409,2393.5,2375,2366.5,2371,2350.5,2320,2226,2216,2215,2195,2183.5,2184.5,2150,2174.5,2182.5,2177.5,2186.5,2168.5,2162,2196.5,2156,2157.5,2147.5,2126.5,2152,2156,2167.5,2123,2125,2125,2084,2059.5,2021.5,2027.5,2021.5,2024,2072,2103.5,,2103,2094,2108,2108,2131.5,2131.5,2097,2079,2083.5,2093,2033,2039.5,2076,2070,2072,2075,2079,2051,2055,2069,2041,2029,2010,2062.5,2061,2068,2220,2056,2004,2000,2013.5,1950.5,2005,2076.5,2116,2108.5,2071,2047,2035,2027.5,2016.5,2026.5,2023,2009.5,1998,1969,1942.5
LME_Lead_low,2488,2545.5,2544,2538,2547.5,2542,2542,2541,2517,2538,2531,2531.5,2550.5,2572,2576,2596,2594.5,2580,2582,2585.5,2582.5,2590,2615,2626,2635.5,2588,2500,2424.5,2489.5,2497,2503,2536.5,2569,2603.5,2571,2556,2546,2515,2515,2540,2558,2500,2443.5,2423,2410,2410,2365.5,2334,2329,2311.5,2332.5,2384,2374.5,2370,2358,2320,2349,2351,2330.5,2333.5,2378.5,2372,2375.5,2375.5,,2379,2355,2360,2349,2371,2373.5,2370,2316,2290.5,2288,2325,2326.5,2325,2323,2317,2305,2272,2292,2320,2312.5,2289.5,2241,2241,2259.5,,2286,2281,2288,2300,2348,2342,2328.5,2327.5,2330,2335,2403,2445,2465.5,2426,,2424,2416,2440.5,2427.5,2431,2485.5,2499,2491,2465,2467,2466,2464,2449,2401,2392.5,2400.5,2395.5,2365,2367.5,2394.5,2398,2405,2390.5,2400.5,2380,2382,2307,2316,2314,2329,2271.5,2186,2139.5,2176,2165.5,2163.5,2131,2095,2115,2123.5,2124.5,2127,2146,2132,2112,2144.5,2112,2111,2097,2074,2118,2126,2102.5,2089,2077,2069.5,1917.5,1946.5,1987,1972.5,1980,1991,2004,2059,,2072,2066,2051.5,2057,2076,2066,2043,2025.5,2029,2015.5,1957.5,1973,2028,2025,2014,2032,2011.5,1994,2000,2024,2006,1981,1973,2002,2015,2001,2010.5,1987,1978,1967,1928,1903,1876,1976,2027.5,2052,2016,1993,1970.5,1985,1993,1994,1996,1984,1957.5,1916,1886
LME_Lead_volume,1703,1377,1308,1132,1484,1362,1123,1054,1217,771,1460,1263,1635,1520,1190,1201,1279,1465,1252,1381,1066,1401,1871,1916,1223,1630,1906,2186,1794,1201,1086,1467,1161,1101,819,785,947,1334,1201,1290,846,1505,1816,1314,1340,1225,1309,1420,1654,1206,1720,1955,1289,1250,1159,1351,1469,1285,1404,1311,1178,1033,1123,3376,,1521,986,928,911,865,1305,928,1891,1303,1707,1206,1526,1669,1437,1322,1241,1769,1440,1007,850,919,1365,1326,1363,,1371,954,1099,1511,1460,1240,1083,962,1066,1273,2166,1583,1804,1715,,1404,1080,1094,1049,1427,1449,1057,1373,1664,991,825,1034,882,923,1193,1258,981,1279,1049,1131,1148,1108,1174,1275,1236,838,1101,1624,1422,1227,1382,2762,2543,1938,1535,1152,1527,1555,1322,1379,1041,1543,1200,1027,1107,1715,1274,1391,1557,1510,1260,1060,1234,982,1310,1082,2674,2796,1791,1321,1166,989,1423,1297,,1271,1009,1283,1623,1614,1381,1349,1589,1533,1839,1905,1719,1475,1276,1463,1527,1692,1394,1560,1385,1404,1298,1385,2071,1321,1269,1323,1304,1061,1170,2177,1710,2768,2533,2234,1447,1546,1170,925,1009,670,729,787,750,909,1331,1446
LME_Copper_close,7216.5,7174.5,7185.5,7118,7125,7105.5,7146,7128.5,7112.5,7206,7111.5,7058.5,7074.5,7045,7077,6901,7144.5,7114,7091,7089,7080,7101,7117,7079,7128,7083,6876,6859,6750,6862,7017,7162.5,7189,7184,7137.5,7076.5,7135,7170.5,7110,7111.5,7028,6936.5,6887.5,6916.5,6925,6992.5,6941,6823,6957.5,6909.5,6949.5,6985.5,6923.5,6890,6835.5,6754.5,6816.5,6730.5,6660,6623.5,6657.5,6667,6740.5,6740.5,6740.5,6811,6713,6818.5,6760,6853.5,6968.5,6911.5,6821,6833.5,6883.5,6873,7036.5,6962,6982.5,6927.5,6982.5,6977.5,6967,6812,6821.5,6762,6817,6865,6845,,6814,6815.5,6916.5,6921.5,6884,6810,6844.5,6862,6824,6898,6963,6835,6910.5,6858,,6827,6840,6828,6904.5,6986.5,7117,7235,7247,7305.5,7222,7213,7241.5,7160,7011.5,6972,6825.5,6815.5,6799.5,6801,6704,6727,6693,6623,6619,6571,6509,6403.5,6324,6308.5,6405,6345,6135,6215,6215,6192,6160.5,6180,6054.5,6152,6128,6262,6305.5,6281.5,6244,6245,6322,6124,6139,6176.5,6105.5,6156.5,6172.5,6198,6155,6129.5,6045,5831,5890.5,5934,5989.5,6060.5,6010.5,5965,6069,,6132,6092,6075.5,5990,5948,5840,5882.5,5908,5880,5890,5880,5997,5990,5905.5,5950.5,6091,6087,6115,6337.5,6298.5,6280.5,6289,6179,6259.5,6237.5,6253.5,6332,6228.5,6186.5,6196.5,6295,6218,6273.5,6288.5,6239.5,6233,6220.5,6132,6222,6228.5,6183,6178,6197.5,6182,6156.5,6020,5992.5
LME_Copper_open,7251.5,7210,7166,7198.5,7133.5,7125,7105.5,7146,7128.5,7130.5,7218,7106,7058.5,7083.5,7049,7090,6919,7155.5,7094,7091,7091,7080.5,7120,7130,7060.5,7111,7121,6892,6840,6786,6862,7018,7166,7189,7184,7137.5,7076.5,7088,7166,7110,7111.5,7020,6930,6924,6932,6936,6972,6941,6823,6957.5,6915,6952.5,6982,6922,6872.5,6832.5,6755,6841.5,6726.5,6638,6635.5,6649,6667,6671,6740.5,6764,6819,6738.5,6772.5,6769,6830,6962.5,6911.5,6821,6835,6883.5,6876.5,7035.5,6962,6982.5,6927,6982.5,6977.5,6964.5,6804,6821.5,6771.5,6817,6864,,6826,6820,6815.5,6916.5,6921.5,6884,6810,6850,6862,6841.5,6898,6963,6846,6910.5,,6845,6821.5,6849,6828,6917.5,6986.5,7125,7235.5,7252.5,7305.5,7222,7247,7238,7143.5,7003,6969.5,6825.5,6815.5,6795.5,6820,6716,6723.5,6693,6623,6619,6571,6518,6406,6324,6308.5,6424,6328,6135,6215,6215,6192,6160.5,6180,6071.5,6152,6136,6262,6350,6281.5,6244,6245,6299.5,6124,6139,6176.5,6105.5,6171.5,6172.5,6198,6149.5,6130,6045,5827.5,5890.5,5968.5,5989.5,6036,6010.5,5969.5,,6069,6129.5,6092,6043.5,5990,5952,5842.5,5882.5,5915,5880,5890,5886,5999.5,5990,5872.5,5858,6091,6087,6141.5,6312.5,6298.5,6280.5,6289,6174,6259.5,6237.5,6253.5,6307,6228.5,6197,6202,6295,6175,6231.5,6295,6239.5,6203.5,6220.5,6214.5,6222,6228.5,6183,6165.5,6197.5,6199,6127,6026.5
LME_Copper_high,7285,7212.5,7265,7217.5,7160,7187.5,7225,7185,7171,7262,7221,7116,7105,7146.5,7116.5,7099.5,7173.5,7208,7150,7169,7121,7165.5,7139.5,7188.5,7220,7140,7161,6941,6858,6889,7025,7176.5,7202,7253,7206,7137.5,7144.5,7193,7167.5,7179,7143,7037.5,6965,6960,6943,7029.5,6990,6952.5,6971.5,6992,6959,7064,7011.5,6974,6880,6865.5,6825.5,6860,6726.5,6666,6721.5,6690,6778.5,6778.5,6740.5,6828,6822,6869.5,6802,6855,6973,6987.5,6933,6882.5,6936,6910,7075,7112,7007.5,7040.5,7050,7028,7007.5,6970,6822,6838,6856,6927.5,6892.5,,6870,6827.5,6929.5,6947,6957,6905,6850,6900,6881.5,6923,6999,6969.5,6913,6942,,6940,6856,6895.5,6912,6992,7117,7252,7348,7333,7329,7258,7259,7238,7168.5,7027.5,7002.5,6872,6842.5,6831.5,6837.5,6744,6748,6703,6692.5,6635.5,6612.5,6566,6428,6344,6438,6441,6328,6247,6244,6267.5,6261.5,6194.5,6214.5,6171.5,6205.5,6328,6331,6378,6325,6277,6341.5,6299.5,6177,6236,6182,6195,6209.5,6308,6220,6183,6150.5,6045,5957.5,5945,6033,6076,6056.5,6010.5,6116.5,,6167,6149.5,6115,6070.5,6005,5973,5891,5988,5947,5910,5962,6012.5,6074,6037,5955.5,6118.5,6145,6124,6382.5,6375.5,6329,6317,6290,6268,6290,6356,6339.5,6393.5,6245,6224.5,6303.5,6310.5,6300,6335,6342,6252.5,6276,6226,6242.5,6331.5,6237.5,6275.5,6227.5,6197.5,6240,6155.5,6057.5
LME_Copper_low,7196,7132.5,7150,7107,7105,7086,7098,7081,7100,7130,7035.5,7027,7036.5,7041,7049,6885,6912.5,7110.5,7061.5,7071.5,6994,7047.5,7063,7029,7050.5,7025,6865,6809,6733,6786,6843,6965.5,7125.5,7181,7088,7060,7034.5,7003.5,7083.5,7092,6988.5,6923.5,6858.5,6881,6855,6928.5,6905,6809,6777,6886.5,6873.5,6925,6890,6852,6785,6730,6702,6674,6623.5,6532,6623.5,6605,6661.5,6661.5,6740.5,6764,6621.5,6721,6732,6750.5,6818,6893,6772,6802.5,6782.5,6812.5,6861,6933,6920,6858,6909.5,6948.5,6890,6776.5,6802,6710,6771.5,6792,6787,,6720,6766,6797.5,6897,6850,6765,6780.5,6833,6810,6829,6876,6805,6838.5,6840,,6825,6727,6801,6826,6891,6952.5,7092,7232.5,7211,7212.5,7196,7169,7156,6996,6918,6809,6772,6772.5,6768,6702.5,6692,6667,6589.5,6610.5,6519,6490,6344,6306.5,6221.5,6308.5,6301,6081,6103,6156,6150,6142,6080,5988,6007.5,6118,6110,6241,6256.5,6217.5,6162,6192,6106,6066,6074.5,6064,6105.5,6129,6166.5,6126.5,6095,6024,5773,5800,5864,5951,5989.5,5973.5,5901.5,5963.5,,6057.5,6071.5,6010,5971,5945.5,5800.5,5826.5,5870,5831,5850,5805,5851.5,5985,5896,5861.5,5855,6068.5,6045.5,6132.5,6289,6213,6256,6162.5,6156,6152,6178,6253.5,6207,6152,6126,6163,6212,6091.5,6228,6231.5,6183.5,6175,6121.5,6125.5,6211.5,6148,6171,6113.5,6100,6152,6015,5984
LME_Copper_volume,4572,4554,5333,5070,4164,5232,5006,5293,4652,5349,8299,5542,4245,6537,4726,10600,9731,7083,6274,4410,7569,5871,5868,8041,7081,9309,11679,9781,8643,5650,7834,7653,5767,5437,2740,3388,3512,6954,4509,4560,6639,5750,6839,5309,4768,4628,4658,5361,7150,4846,4452,6665,5101,4614,5728,6083,6363,7244,7755,8255,6248,6729,6654,19076,5,6051,7692,5418,3756,5274,6583,6188,7169,4301,5070,5399,9540,8540,5332,6997,6610,5701,6106,6933,117,6311,5888,6777,4377,,7381,5016,6492,4014,4690,5895,4110,4497,4492,4976,6667,7502,4057,4335,,7004,8793,6218,5823,6082,8685,9667,10489,7563,5999,4626,4412,4823,7124,4988,11204,7877,6847,4989,5636,4576,6286,5717,5017,5357,6263,7189,7079,7653,6819,5492,12129,6721,5249,4531,5264,5517,7382,6337,4573,7387,4814,5096,4349,4977,5695,6799,6681,6098,5248,4107,4294,6434,5061,4683,5436,10903,10042,5495,4979,4131,4281,5312,5188,,5634,4017,5498,5474,3343,7480,5212,5858,5821,3624,6867,7140,6689,5650,5525,10444,5527,5256,10364,6158,8157,4603,5789,7454,4964,7083,4209,5933,4627,5199,6511,5476,10312,6229,5333,5345,6640,6492,4857,6389,6036,5004,6729,6058,4908,7112,5251
LME_Aluminum_close,2265,2229.5,2245.5,2205.5,2174,2155.5,2186,2182,2220,2226,2196,2195,2244,2215,2247.5,2228,2247,2232.5,2260,2228,2224,2209.5,2232,2214.5,2207,2170,2160.5,2169.5,2121.5,2133,2139.5,2187.5,2154,2199.5,2201,2187,2207.5,2185.5,2147.5,2139,2148,2131.5,2148,2148.5,2146.5,2141,2100,2107.5,2120,2095,2104,2089,2086.5,2087,2089,2080.5,2080,2069.5,2054,2048.5,2045,2032.5,2005,2005,2005,1998,1993,2007,2054,2132.5,2211,2248.5,2283.5,2275.5,2382,2411,2550,2477,2489,2254.5,2211.5,2234.5,2270,2225.5,2250,2244,2320,2281,2343,,2354.5,2355,2310.5,2275.5,2315,2325,2311.5,2290,2265,2276.5,2261,2270.5,2292,2266.5,,2269,2267,2292.5,2299,2308.5,2316.5,2331,2285,2310,2309,2292.5,2279,2252.5,2212.5,2228,2179,2175,2187.5,2176.5,2149.5,2194,2165,2153,2132,2114,2090,2103,2080,2086.5,2103.5,2085.5,2060.5,2041.5,2036,2062.5,2031.5,2035.5,2006,2042.5,2065,2078.5,2064,2068,2053,2077.5,2078,2052,2037.5,2027.5,2053,2033,2116.5,2069,2078.5,2080,2069.5,2022,2038,2032,2058.5,2064.5,2065,2070,2084,,2133,2157,2128,2118,2089.5,2063,2060,2046.5,2063,2077,2050,2057.5,2044.5,2034,2033.5,2029,2030,2056.5,2081,2044,2064.5,2055,2025,2054,2082,2110,2245,2173,2105.5,2068,2056.5,2037.5,2025,2030.5,2033,2037.5,2023.5,2008,2006.5,2010,2003,2004,1990.5,2006,1980.5,1966.5,1955
LME_Aluminum_open,2280,2258,2228,2245,2205.5,2174,2155,2183,2180.5,2220,2226,2196,2190.5,2244,2215,2246,2228,2248,2231,2260,2228,2222,2212,2230.5,2214,2201.5,2177.5,2160,2165,2127.5,2133,2133.5,2133.5,2154,2199.5,2201,2187,2200,2179,2150,2139,2148,2131.5,2148,2148.5,2146.5,2143,2101,2107.5,2121,2094,2103,2091,2081,2083,2085,2080,2083,2073,2055.5,2048.5,2045,2032.5,2032.5,2005,2015,1998,1994,2010,2061,2132.5,2207,2248.5,2283.5,2275.5,2382,2411,2550,2477,2480,2254.5,2211.5,2234.5,2270,2250,2250,2245,2320,2288,,2343,2354.5,2355,2326,2275.5,2315,2325,2311.5,2290,2265,2276.5,2261,2265.5,2290,,2266.5,2269,2267,2292.5,2299,2309.5,2311,2331,2283,2310,2315,2299.5,2275,2252.5,2212.5,2228,2179,2171,2184,2176.5,2149.5,2194,2165,2153,2136,2114,2090,2093,2083,2086.5,2107,2082.5,2060.5,2041.5,2036,2062.5,2034,2030.5,2006,2042.5,2065,2077,2067,2068,2053,2080,2078,2052,2037,2035,2046,2041,2116.5,2069,2078.5,2080,2069.5,2022,2038,2037.5,2058.5,2064.5,2068,2070,,2084,2132,2157,2133,2120,2089.5,2066,2060,2040.5,2063,2077,2050,2057,2044.5,2020,2027.5,2031,2030,2056.5,2075,2044,2064.5,2055,2025,2054,2082,2110,2245,2173,2098,2068,2056.5,2037.5,2024,2033,2036,2028.5,2023.5,2019,2006.5,2010,2008,2001,1991,2006,1979,1965
LME_Aluminum_high,2290,2267,2256,2252.5,2214.5,2184,2190,2208.5,2230,2250,2229,2199,2244,2270.5,2250.5,2248,2254.5,2270,2264,2270,2239.5,2232,2235,2235,2215,2202,2210,2176,2172.5,2152,2151,2201,2201,2217,2228,2218,2208,2200,2196,2169.5,2159.5,2153.5,2164.5,2162,2158,2157,2147,2115,2134,2124,2107,2126.5,2104,2098.5,2096.5,2096.5,2092,2105.5,2074.5,2063.5,2071.5,2046.5,2045,2045,2005,2039,2000.5,2020,2063,2144,2242,2277.5,2331,2340,2403,2435,2559,2718,2531,2534.5,2291,2273,2316,2295,2255,2270,2330,2354,2367.5,,2374.5,2370,2355,2326,2325,2331.5,2338,2334.5,2311.5,2292,2290.5,2277,2293.5,2314.5,,2276,2284,2304.5,2305,2343,2340,2345,2353,2324.5,2325,2327,2299.5,2280,2258,2228.5,2229.5,2198.5,2193,2188.5,2185.5,2195,2203.5,2177,2168.5,2142,2135,2118,2112,2095,2134.5,2126.5,2086.5,2080,2058,2074,2132,2045,2052,2047,2081,2114,2087.5,2092,2079,2095,2094,2080,2063,2049,2053,2067,2117.5,2147.5,2117,2094,2089.5,2069.5,2056,2052,2084.5,2078,2080.5,2075,2109,,2142,2178,2177,2153.5,2124,2105,2087,2083,2080,2109,2095,2079,2080,2064.5,2043,2056.5,2047,2061,2098,2092,2073.5,2090,2063,2085,2085,2133.5,2245,2267,2192,2098,2073.5,2066,2044.5,2059,2054.5,2039.5,2044.5,2029.5,2026,2032,2017,2017,2008.5,2006,2006,1989,1981
LME_Aluminum_low,2252.5,2226,2212,2201,2171,2149.5,2155,2170,2180.5,2218.5,2170,2181,2185,2214.5,2214,2206.5,2208.5,2232,2224,2222,2195,2208.5,2188.5,2206,2192,2170,2152,2148,2121,2117,2123,2112.5,2133.5,2154,2165.5,2182,2160,2161,2140,2137,2136.5,2129,2118,2137,2134.5,2138,2097,2093,2093,2091,2087.5,2087,2070.5,2076.5,2069,2071,2062.5,2063,2049,2043.5,2041.5,2019,1996,1996,2005,1978,1980,1977,1987,2059.5,2125,2200,2202.5,2271,2275,2346,2389.5,2397,2415,2237,2175,2186,2195,2205,2243,2223,2240,2258,2282,,2317,2280,2306,2263.5,2264,2274,2302,2248.5,2245,2254.5,2256.5,2239,2255,2248,,2247.5,2254,2264,2263.5,2291,2305.5,2307,2281,2283,2285,2290,2265.5,2252,2200.5,2193.5,2167.5,2165,2162,2164,2149.5,2135,2151.5,2142,2130,2098,2080,2083,2077.5,2071,2083.5,2081.5,2053,2032,2021.5,2029,2030.5,2022,2001,2003,2029,2051.5,2053,2053,2051,2052,2068,2047.5,2035,2024.5,2023.5,2032.5,2034,2068.5,2056,2070,2045,2007,2020,2018.5,2036,2050.5,2055,2042,2063.5,,2084,2122.5,2111,2116,2087,2056,2051,2035,2040.5,2035.5,2042,2010,2033.5,2029.5,2007,2024,2015,2028,2044,2043,2033.5,2054.5,2025,2016,2045,2074,2104,2157,2105.5,2044.5,2031,2030,2017.5,2022.5,2026,2014,2015,2008,1996.5,2002,1998,1996,1990,1975,1978.5,1966,1953
LME_Aluminum_volume,2707,2046,2336,2150,2240,1683,2083,2144,2518,1766,2733,1841,2143,2873,1616,1731,2446,2105,1747,1529,2254,1889,2064,1664,2023,2357,2882,2394,3107,2318,2450,3409,2334,2505,1754,1864,1777,2498,2514,1797,1779,1862,2809,1576,1754,1473,2418,2013,1934,1549,1734,1945,1757,1405,1419,1576,1597,1759,1750,1696,1688,1910,2505,18801,3,3261,2602,1879,2341,5477,5016,5271,5589,5821,4177,5341,6316,8858,5578,7394,5805,3769,4539,3837,60,2227,3422,2706,2834,,2499,3709,2204,2348,2174,2188,1775,2741,2259,1537,1864,1775,1718,1814,,1909,2097,2128,2196,2499,1906,1875,2579,1785,1566,1384,1610,1291,1876,1636,1987,1458,1446,1197,1347,1844,2597,1469,1723,2412,2607,1731,2372,1525,1804,2173,2202,2535,1737,2248,2235,1850,2752,3093,3107,3170,2527,2135,1874,1793,2618,1851,2070,1898,1440,1678,2623,3627,3398,1847,2119,2513,2589,1985,2249,1452,1472,1630,1863,,2311,3142,2855,2152,1805,2652,2440,2084,2194,2781,2139,3127,2200,1740,2705,2421,1880,1876,2250,1834,1877,1863,1931,3307,1935,3109,3668,4176,3455,3545,2199,1936,2070,1930,2332,2222,2123,2189,1535,1499,1689,1249,1413,1608,1166,1586,1576
LME_Tin_close,3347,3330,3355.5,3352,3384.5,3335.5,3350,3380.5,3397.5,3433,3407,3378.5,3375,3407,3416.5,3410,3439.5,3460,3485,3549,3513.5,3528.5,3562,3512.5,3517,3470.5,3383,3422,3381.5,3395,3469,3568,3582,3566,3567.5,3551,3535.5,3530,3509.5,3530.5,3489,3454,3403.5,3364.5,3308,3307,3273.5,3227,3296,3234.5,3294.5,3209,3229,3256.5,3261,3204.5,3249.5,3215,3220,3271.5,3283,3280,3270.5,3270.5,3270.5,3277,3252,3241,3241.5,3213,3249.5,3223,3091.5,3103,3134.5,3173,3263,3216,3240.5,3231.5,3215.5,3137,3135,3140,3122,3070.5,3050,3009.5,3067,,3075,3090.5,3082,3093,3055,3060,3079,3093,3097,3098,3040.5,3028,3037,3052.5,,3078.5,3145.5,3100,3088.5,3119,3192,3184,3162.5,3202,3205.5,3199,3212,3180,3078,3071.5,3003,3001,2935,2933.5,2843,2859,2882,2905,2857,2827.5,2780,2710,2695,2753,2688,2628,2564,2575.5,2583.5,2476,2508,2619.5,2565,2578,2554.5,2595,2584,2592.5,2586.5,2550,2636,2540,2566,2608,2565,2602,2613.5,2598,2538,2467,2450,2283,2378,2388.5,2376,2431,2462.5,2465,2526,,2521,2515,2464,2473,2461,2404,2417,2438,2403.5,2363,2321,2390,2351.5,2312.5,2333,2375,2428.5,2468,2509,2519,2516,2545,2516,2598.5,2641,2657,2670,2612,2621,2623.5,2679,2617,2619.5,2638.5,2594.5,2599.5,2666,2665,2623,2656,2666,2665.5,2650,2654,2610,2548.5,2482
LME_Tin_open,3316,3347,3330,3355.5,3352,3380.5,3331,3354,3380,3397.5,3433,3407,3371,3375,3398,3418.5,3410,3439.5,3455,3485,3549,3513.5,3528,3555,3512.5,3510.5,3475,3395,3415,3386,3395,3469,3464.5,3582,3565,3567.5,3551,3535.5,3480,3509.5,3530,3489,3454,3403.5,3364.5,3305,3306,3273.5,3230,3300,3260,3295.5,3213,3233.5,3238,3251.5,3207,3252,3210.5,3226,3271.5,3275,3272,3272,3270.5,3270.5,3280,3252,3241,3241,3213,3286,3223,3091.5,3100,3154,3173,3263,3216,3240.5,3231.5,3215.5,3137,3135,3140,3120,3070.5,3050,3009.5,,3072,3073,3090.5,3082,3093,3055,3060,3079,3093,3097,3098,3040.5,3028,3037,,3064.5,3075,3138,3100,3088.5,3110,3195,3184,3167,3202,3205.5,3195,3212,3180,3078,3071.5,3003,3001,2929,2935,2843,2859,2882,2905,2857,2827.5,2793,2710,2695,2753,2695,2628,2564,2575.5,2583.5,2476,2508,2619.5,2565.5,2578,2554.5,2595,2597,2592.5,2586.5,2550,2621,2540,2566,2608,2565,2602,2613.5,2598,2538,2473,2450,2294.5,2378,2388.5,2376,2431,2460,2465,,2530,2521,2515,2464,2473,2461,2404,2417,2438,2403.5,2363,2311,2390,2351.5,2300,2308,2375,2428.5,2468,2509,2515,2516,2545,2516,2598.5,2641,2657,2670,2612,2620,2623.5,2679,2617,2619.5,2638.5,2594.5,2575,2665,2653.5,2623,2656,2666,2665.5,2650,2662,2605.5,2541.5
LME_Tin_high,3352,3347,3364,3380,3390,3400,3364.5,3395,3409,3440,3433,3416,3401,3444,3429,3428,3456,3481.5,3491,3584,3556.5,3542,3567.5,3572,3550,3511,3507.5,3430,3415,3412,3477,3574.5,3595.5,3592.5,3576.5,3573,3551,3535.5,3525.5,3550,3543.5,3489,3473,3429.5,3386,3345.5,3323,3288.5,3300,3300,3300,3305,3245,3277.5,3273.5,3258.5,3258,3282,3238.5,3278.5,3314.5,3293,3320,3320,3270.5,3294,3281,3263,3255,3276.5,3256,3286,3235,3141,3160,3174.5,3301.5,3296,3273.5,3263,3271,3231,3156,3160,3189.5,3125,3116.5,3084.5,3068,,3117.5,3109.5,3111.5,3108,3099,3089.5,3095,3096,3100,3122,3107,3062.5,3039.5,3068,,3104,3150,3164.5,3120,3122,3201,3220,3200,3203,3218,3218,3217.5,3216,3180,3091,3091,3030.5,3027,2944.5,2940,2868,2924,2931,2908.5,2883,2848,2809,2739,2756,2775.5,2724.5,2628,2617,2593,2596,2541.5,2624.5,2655,2618,2620,2640.5,2623.5,2624.5,2600,2599.5,2638.5,2621,2587.5,2635.5,2613,2614.5,2628,2673.5,2609,2552,2494,2459,2395.5,2398.5,2425.5,2450,2467,2474.5,2549.5,,2562,2527,2519.5,2518,2482.5,2470,2443,2478,2456,2423.5,2383.5,2396.5,2406,2375,2334.5,2383,2437.5,2471,2539,2564,2550,2545,2557,2648,2658,2728,2684.5,2679.5,2639,2630,2698,2715,2654,2670.5,2654,2612.5,2670,2687,2682.5,2674.5,2673,2721,2668.5,2664.5,2668,2613,2567.5
LME_Tin_low,3293,3317,3318,3347.5,3341,3333,3317.5,3346.5,3373,3395,3353,3365.5,3367,3375,3394,3398,3381.5,3433.5,3437,3482,3495.5,3497,3503.5,3484,3491,3453,3370,3369.5,3351.5,3373,3388.5,3452,3464.5,3565,3544,3538.5,3515,3437,3472,3506,3475.5,3444.5,3366,3350,3273.5,3272,3260,3210,3186,3228.5,3247.5,3206,3205,3215,3215,3193,3183,3182.5,3170,3165,3260,3256,3269,3269,3270.5,3256,3221,3193.5,3204.5,3205,3212.5,3218,3083,3091.5,3070,3118,3142.5,3205,3212.5,3200,3210,3129.5,3083.5,3091,3121,3052,3047,2994,2970,,3046.5,3067,3075.5,3075.5,3037,3044,3053,3057,3070,3085,3040.5,3001,3012,3024,,3053.5,3045,3088.5,3073,3056,3104,3174.5,3158.5,3140.5,3177,3182,3172,3152.5,3072.5,3059,2995,2981,2912,2889.5,2835,2815,2820,2851.5,2853.5,2822,2778,2687.5,2667,2676,2680.5,2607.5,2503,2531,2537.5,2474,2476,2496.5,2495,2528,2525,2546,2573,2560,2551.5,2512,2534.5,2535.5,2525,2539,2542,2561.5,2598,2595,2535,2462,2443.5,2283,2286.5,2325,2355,2374,2384,2427,2453.5,,2516.5,2483,2434,2443,2432,2392,2393.5,2417,2393.5,2362,2308,2070.5,2347.5,2306,2290,2303,2365.5,2426.5,2439,2487,2481.5,2493,2484,2511,2569,2626,2621.5,2610,2592.5,2562,2615,2611.5,2581.5,2592,2589,2562,2575,2631,2620,2623,2623.5,2657,2621.5,2610,2606.5,2541.5,2482
LME_Tin_volume,2923,2022,2519,2455,2239,2582,2867,2499,2490,2192,3272,2439,2029,2828,1764,2008,2920,2761,2392,3254,2983,3050,2418,3219,2509,3391,3461,3518,3341,2858,2707,3193,2337,1642,1079,1399,1712,3802,2740,2011,2287,2960,4138,3352,4470,3070,2680,3063,3437,2678,2780,3009,2768,2540,2582,3174,2795,2705,3396,2912,2836,2665,2492,8914,3,3130,3117,3068,1812,2571,2592,2462,5906,3370,2802,2811,4413,3492,2996,2442,2630,3437,3647,2334,2628,2282,3812,3938,3308,,4050,2458,1961,1539,2301,2492,2154,2284,2354,1678,2362,2854,1830,1910,,3449,3999,3820,2300,2911,3625,2774,2145,2210,2227,2120,1850,2074,2767,2022,3932,2843,4179,3229,3701,3033,4241,3443,2911,2794,3024,3602,3823,4161,3759,4343,4940,3621,2785,4205,3082,4039,4582,3304,2901,3023,2587,2199,2199,2673,3690,3622,3024,3373,2575,2156,2194,2990,3392,3649,3409,6194,6581,3914,3388,3012,3265,2372,3855,,3224,3049,3231,3709,2527,3409,2542,2915,3498,2423,3021,3411,3031,2634,2740,3137,3100,2876,3727,2650,3247,2752,3835,4870,2738,3276,2761,2443,2441,4330,4299,3719,4331,3279,3052,2824,3770,4088,2842,2121,2545,3181,2081,1931,1832,2999,2858
LME_Zinc_close,19835,19900,19875,19975,19970,19960,20065,20165,20280,20300,20450,20495,20390,20580,20745,20755,21025,21265,21640,21930,21625,21645,21470,21575,21780,21705,21525,21325,21050,21105,21575,21570,21570,21765,21400,21390,21605,21485,21565,21575,21750,21530,21635,21550,21580,21430,21400,21535,21445,21375,21160,21150,21025,21000,20780,20675,21030,20940,20775,20860,20895,20900,21150,21150,21150,21235,20875,21100,20965,21200,20915,21000,20945,20960,21080,21360,21440,21500,21660,21100,21055,21270,21305,21000,21185,21170,21085,21275,21170,,21050,21145,20800,21000,20970,20875,20760,20675,20700,20740,20615,20540,20360,20345,,20490,20570,20645,20755,20680,20750,20975,21220,21170,21175,21125,20875,20825,20745,20600,20405,20585,20475,20440,20205,20195,19780,19665,19675,19735,19650,19580,19460,19385,19575,19775,19355,19640,19760,19465,19480,19530,19445,19465,19510,19695,19850,19830,19865,20040,20080,19750,19600,19630,19570,19615,19470,19560,19500,19325,19090,18340,18610,18730,18790,19045,19220,19100,19025,,19085,18920,19070,18910,18790,18815,18750,18830,18975,18980,19045,19050,19060,19040,18940,18945,18900,18990,18940,18890,18890,18875,18885,18845,18940,18985,19025,18925,18970,18925,18960,19000,19190,19125,19160,19200,19150,19050,19135,19225,19250,19345,19325,19250,19125,19075,19100
LME_Zinc_open,19995,20100,19900,19875,19975,19970,19960,20000,20165,20280,20300,20450,20495,20390,20580,20745,20755,21025,21265,21640,21930,21625,21645,21470,21575,21780,21705,21525,21325,21050,21105,21575,21585,21570,21765,21400,21390,21605,21500,21565,21575,21750,21530,21635,21550,21580,21430,21400,21535,21445,21375,21160,21175,21000,20985,20835,20735,20935,20940,20775,20860,20895,20900,20880,21150,21150,21235,20875,21100,20965,21200,20915,21000,20945,20960,21080,21360,21440,21500,21660,21100,21055,21270,21305,21000,21190,21170,21085,21275,,21170,21050,21145,20800,21000,20970,20875,20760,20675,20700,20740,20615,20540,20360,,20345,20490,20570,20645,20755,20680,20750,20975,20980,21170,21175,21085,20875,20825,20745,20600,20405,20585,20475,20440,20205,20195,19780,19665,19675,19735,19650,19580,19460,19385,19575,19775,19355,19640,19760,19465,19480,19530,19445,19465,19510,19695,19850,19830,19865,20040,20080,19750,19600,19630,19570,19615,19470,19560,19500,19325,19090,18340,18610,18730,18790,19045,19220,19100,,19025,19085,18920,19070,18910,18790,18815,18750,18830,18975,18980,19045,19050,19060,19040,18940,18945,18900,18990,18940,18890,18890,18875,18885,18845,18940,18985,19025,18925,18970,18925,18960,19000,19190,19125,19160,19145,19150,19150,19135,19225,19250,19345,19325,19250,19105,19095
LME_Zinc_high,20100,20100,19965,19975,20035,20020,20075,20225,20280,20350,20485,20500,20535,20630,20800,20775,21090,21380,21895,22000,21930,21835,21750,21650,21940,21870,21880,21635,21530,21200,21600,21645,21630,21775,21850,21540,21665,21605,21650,21725,21750,21750,21680,21635,21595,21580,21470,21580,21535,21450,21430,21270,21230,21035,21000,20885,21035,20995,20940,20920,20990,20900,21340,21340,21150,21400,21290,21100,21110,21300,21265,21085,21000,21125,21120,21475,21650,21655,21725,21660,21180,21285,21425,21315,21250,21265,21225,21275,21300,,21185,21325,21250,21030,21060,20980,20885,20865,20800,20790,20750,20700,20590,20425,,20775,20700,20760,20765,20755,20750,21125,21325,21270,21265,21235,21085,21040,20900,20835,20645,20690,20670,20595,20470,20300,20195,19860,19850,19845,19855,19740,19670,19485,19645,19860,19775,19690,19800,19760,19560,19595,19560,19605,19600,19715,19880,19930,19925,20070,20145,20080,19930,19760,19695,19740,19740,19675,19605,19525,19375,19095,18805,18805,18870,19075,19375,19220,19205,,19175,19170,19195,19130,18955,18845,18865,18870,19105,19175,19110,19135,19100,19440,19040,19050,19025,18990,19160,18980,18950,19040,19075,19015,18985,18985,19050,19060,19025,19000,19000,19050,19340,19200,19175,19200,19260,19190,19170,19300,19400,19415,19350,19325,19295,19130,19155
LME_Zinc_low,19800,19765,19850,19860,19875,19925,19935,20000,20100,20245,20015,20400,20390,20390,20540,20610,20710,20900,21170,21640,19625,21620,21360,21455,21555,21560,21525,21260,20990,21050,21105,21540,21425,21570,21400,21230,21375,21475,21415,21540,21540,21525,21460,21425,21475,21400,21270,21230,21255,21310,21150,21065,20600,20835,20650,20650,20620,20805,20680,20715,20830,20755,20805,20805,21150,21150,20800,20875,20935,20920,20870,20915,20810,20895,20830,20985,21285,21330,21450,20915,20975,20975,21190,20900,21000,21155,21035,21030,21075,,20865,20975,20605,20700,20870,20730,20715,20415,20505,20525,20525,20525,20260,19985,,20345,20355,20480,20595,20555,20610,20635,20895,20980,20985,21010,20710,20760,20745,20500,20300,20395,20415,20400,20125,20010,19725,19600,19560,19650,19620,19500,19400,19300,19385,19575,19240,19285,19565,19405,19400,19430,19110,19400,19440,19410,19580,19765,19760,19810,19980,19750,19600,19315,19480,19570,19400,19470,19440,19325,18930,18300,18340,18525,18670,18605,19020,18860,18975,,19025,18890,18845,18900,18735,18630,18725,18710,18800,18975,18980,18770,18955,19000,18870,18890,18850,18860,18900,18850,18880,18805,18830,18800,18845,18885,18920,18915,18920,18900,18920,18955,18960,19000,19030,19045,19075,19010,19050,19135,19215,19250,19140,19210,19105,19000,19020
LME_Zinc_volume,164,121,74,71,73,81,83,151,103,80,209,116,118,131,105,102,191,251,284,231,199,175,209,140,186,147,143,200,188,105,152,85,107,85,84,93,124,98,94,87,248,122,164,131,89,122,116,184,150,102,147,124,263,108,214,135,179,173,125,96,99,111,184,431,4,161,131,64,87,213,135,96,109,128,131,216,226,182,95,258,146,173,144,155,124,66,134,107,111,,163,144,300,162,77,114,104,229,137,149,155,122,272,257,,372,267,176,95,229,109,242,232,165,95,139,214,135,114,128,211,147,126,56,168,137,300,191,129,133,167,191,131,179,131,167,212,147,148,136,98,101,175,103,86,138,159,144,111,141,213,152,199,177,145,102,189,112,130,136,299,323,275,144,113,202,194,116,144,,95,175,167,138,74,147,135,115,248,102,75,165,98,91,83,148,138,91,162,58,59,114,114,187,111,76,79,66,61,62,65,79,258,108,143,109,133,106,79,97,159,160,181,129,104,94,96
NYMEX_NaturalGas_close,3.037,3.012,2.872,2.788,2.838,2.957,2.908,3.136,3.208,3.131,3.125,3.247,3.197,3.18,3.248,3.541,3.433,3.436,3.52,3.631,3.163,2.958,2.885,2.863,2.759,2.763,2.701,2.691,2.605,2.565,2.607,2.614,2.581,2.572,2.565,2.637,2.652,2.616,2.631,2.639,2.694,2.669,2.693,2.711,2.705,2.752,2.785,2.745,2.717,2.786,2.788,2.738,2.684,2.696,2.659,2.677,2.648,2.62,2.586,2.631,2.691,2.703,2.731,,2.677,2.695,2.709,2.679,2.696,2.698,2.66,2.673,2.689,2.736,2.747,2.742,2.744,2.676,2.745,2.744,2.781,2.79,2.821,2.768,2.765,2.802,2.758,2.73,2.711,2.735,2.738,2.735,2.808,2.819,2.835,2.829,2.818,2.853,2.837,2.827,2.903,2.924,2.932,2.929,2.961,2.875,2.897,2.953,2.982,2.927,2.891,2.9,2.934,2.905,2.953,2.942,2.958,2.969,3.028,2.953,2.915,2.965,2.982,2.943,2.932,2.95,2.996,2.952,2.919,2.861,2.861,2.842,2.831,2.85,2.828,2.784,2.825,2.8,2.758,2.767,2.743,2.73,2.767,2.762,2.721,2.739,2.778,2.776,2.822,2.8,2.781,2.746,2.819,2.851,2.861,2.891,2.945,2.946,2.935,2.926,2.955,2.939,2.911,2.944,2.952,2.989,2.956,2.97,2.913,2.876,2.86,2.895,2.883,2.921,2.859,2.814,2.793,2.776,2.775,2.808,2.83,2.824,2.811,2.769,2.816,2.927,2.907,2.958,2.981,3.043,3.077,3.021,3.059,3.001,3.113,3.164,3.238,3.191,3.155,3.281,3.307,3.275,3.235,3.146,3.26,3.253,3.316,3.308,3.231,3.135,3.222,3.186,3.169,3.202,3.185,3.214,3.284
NYMEX_NaturalGas_open,3.078,3.04,3.015,2.874,2.812,2.839,2.964,2.906,3.137,3.128,3.13,3.124,3.259,3.2,3.255,3.254,3.538,3.436,3.437,3.39,3.188,3.165,2.956,2.891,2.825,2.767,2.761,2.702,2.688,2.553,2.566,2.608,2.613,2.584,2.569,2.595,2.638,2.657,2.619,2.639,2.682,2.691,2.667,2.694,2.72,2.706,2.75,2.786,2.742,2.731,2.783,2.787,2.739,2.685,2.683,2.66,2.675,2.65,2.619,2.583,2.627,2.719,2.706,,2.738,2.679,2.696,2.712,2.68,2.679,2.699,2.661,2.675,2.688,2.746,2.747,2.74,2.743,2.675,2.743,2.745,2.781,2.788,2.827,2.747,2.764,2.805,2.759,2.731,2.711,2.735,2.739,2.736,2.809,2.825,2.834,2.829,2.817,2.852,2.826,2.828,2.902,2.923,2.931,2.946,2.96,2.899,2.891,2.951,2.974,2.92,2.888,2.899,2.932,2.927,2.954,2.94,2.959,2.966,3.051,2.952,2.919,2.966,2.98,2.926,2.931,2.956,2.986,2.951,2.922,2.86,2.858,2.841,2.83,2.833,2.827,2.787,2.822,2.801,2.765,2.768,2.744,2.733,2.768,2.736,2.721,2.738,2.777,2.775,2.786,2.8,2.779,2.745,2.816,2.849,2.863,2.892,2.947,2.948,2.935,2.925,2.952,2.94,2.91,2.928,2.953,2.988,2.958,2.971,2.901,2.874,2.857,2.873,2.884,2.902,2.858,2.817,2.792,2.777,2.77,2.807,2.829,2.823,2.811,2.774,2.816,2.927,2.907,2.962,2.978,3.044,3.077,2.971,3.056,3.01,3.116,3.167,3.237,3.186,3.185,3.28,3.306,3.279,3.235,3.221,3.258,3.255,3.318,3.226,3.227,3.133,3.217,3.183,3.172,3.139,3.184,3.211
NYMEX_NaturalGas_high,3.097,3.056,3.07,2.887,2.869,2.966,2.989,3.139,3.224,3.176,3.175,3.288,3.259,3.246,3.269,3.628,3.624,3.581,3.611,3.661,3.259,3.183,2.978,2.92,2.88,2.785,2.782,2.758,2.704,2.607,2.642,2.623,2.623,2.589,2.618,2.662,2.68,2.67,2.633,2.68,2.702,2.71,2.731,2.728,2.726,2.757,2.789,2.793,2.752,2.804,2.811,2.798,2.75,2.701,2.71,2.695,2.708,2.667,2.627,2.642,2.707,2.731,2.764,,2.759,2.707,2.746,2.715,2.717,2.704,2.726,2.69,2.7,2.76,2.779,2.761,2.79,2.751,2.746,2.757,2.789,2.798,2.839,2.834,2.768,2.82,2.811,2.773,2.742,2.77,2.773,2.759,2.82,2.82,2.847,2.864,2.844,2.862,2.87,2.847,2.917,2.939,2.941,2.964,2.968,2.961,2.906,2.988,2.983,2.982,2.931,2.912,2.987,2.936,2.966,2.988,2.979,2.976,3.034,3.053,2.955,2.969,3.012,2.991,2.943,2.955,3.007,3.021,2.954,2.927,2.903,2.894,2.884,2.862,2.865,2.835,2.832,2.827,2.812,2.778,2.788,2.754,2.776,2.784,2.762,2.744,2.78,2.799,2.831,2.814,2.831,2.788,2.828,2.862,2.865,2.9,2.951,2.959,2.955,2.946,2.974,2.963,2.949,2.968,2.954,2.991,2.993,2.982,2.979,2.915,2.883,2.905,2.89,2.931,2.904,2.874,2.843,2.797,2.785,2.814,2.836,2.869,2.856,2.814,2.83,2.937,2.948,2.991,2.989,3.048,3.087,3.088,3.111,3.062,3.117,3.194,3.261,3.25,3.224,3.294,3.368,3.358,3.287,3.27,3.273,3.311,3.34,3.32,3.258,3.247,3.24,3.25,3.233,3.203,3.202,3.281,3.294
NYMEX_NaturalGas_low,2.923,2.959,2.84,2.746,2.784,2.825,2.869,2.884,3.07,3.087,3.039,3.098,3.07,3.133,3.143,3.248,3.404,3.398,3.41,3.297,3.161,2.949,2.837,2.84,2.736,2.695,2.688,2.681,2.576,2.538,2.562,2.553,2.53,2.539,2.562,2.565,2.565,2.607,2.555,2.586,2.633,2.659,2.642,2.686,2.673,2.702,2.744,2.737,2.712,2.718,2.776,2.71,2.664,2.667,2.64,2.65,2.634,2.611,2.579,2.565,2.623,2.69,2.698,,2.65,2.667,2.675,2.651,2.675,2.64,2.643,2.621,2.647,2.674,2.739,2.711,2.734,2.658,2.658,2.706,2.728,2.755,2.779,2.768,2.744,2.759,2.745,2.7,2.702,2.695,2.706,2.725,2.709,2.793,2.798,2.824,2.809,2.78,2.832,2.806,2.816,2.898,2.904,2.912,2.908,2.838,2.867,2.887,2.932,2.923,2.874,2.873,2.896,2.875,2.905,2.917,2.916,2.93,2.966,2.945,2.887,2.912,2.947,2.926,2.897,2.907,2.95,2.93,2.91,2.852,2.852,2.822,2.826,2.824,2.817,2.782,2.78,2.789,2.75,2.735,2.731,2.72,2.704,2.754,2.713,2.71,2.735,2.769,2.769,2.766,2.772,2.744,2.74,2.814,2.822,2.857,2.884,2.93,2.917,2.897,2.922,2.93,2.891,2.909,2.903,2.952,2.953,2.935,2.911,2.874,2.845,2.843,2.841,2.882,2.818,2.812,2.786,2.765,2.759,2.752,2.785,2.818,2.805,2.762,2.769,2.811,2.898,2.886,2.938,2.951,3.02,2.981,2.963,2.977,3.001,3.109,3.155,3.129,3.109,3.174,3.237,3.251,3.153,3.138,3.177,3.21,3.24,3.193,3.155,3.126,3.111,3.159,3.153,3.102,3.1,3.166,3.207
NYMEX_NaturalGas_volume,24599,17426,24773,18368,14553,17228,15737,22231,26880,9319,19774,19382,21337,17177,14964,20731,22717,13758,7779,2478,21486,24272,21388,13824,13035,11312,11673,10908,10874,9493,8497,7756,9280,5711,3179,6340,5442,3203,3163,1233,6516,6167,11564,5594,5347,5234,4506,5721,5935,5331,4658,6449,7001,2753,4192,3316,3634,2980,2350,2149,804,4014,6798,,6068,4340,5201,6643,4565,5496,6615,5401,5320,5642,4199,3725,3540,7406,3484,2696,2003,1809,881,4849,4492,5238,4821,6541,3409,4748,4530,3525,8285,3251,3698,3180,3303,5338,2608,3133,4271,2675,2245,2680,323,812,3787,7081,4189,3859,4461,3745,6747,4159,4590,4172,4587,5220,5338,4584,3812,3387,4154,2913,1918,1276,612,6640,4014,5345,3886,2307,4181,3881,3530,3485,3212,3657,3049,3303,3053,2610,3970,1965,3352,1401,1234,1219,494,3699,3944,3784,5881,4286,3089,3008,4078,4424,3101,3087,2808,2416,4079,3026,2984,2984,2306,2786,2496,1847,1317,941,7723,3246,2353,5023,3318,4439,2885,3660,3108,3327,3979,3087,3252,4950,3676,4935,2388,2391,2298,981,8009,5661,6035,7100,7037,9408,7444,7525,9020,10384,11119,9042,8419,8053,7952,9361,8027,7528,8786,6781,5421,4536,963,8625,8561
NYMEX_Crude_close,60.37,61.93,61.89,61.59,61.9,63.48,63.5,63.55,64.4,64.81,63.88,64.09,63.72,63.57,63.49,64.47,65.88,65.23,66.24,65.52,63.99,64.77,65.98,65.06,63.43,63.92,61.73,60.42,59.05,59.38,58.95,60.74,61.42,61.61,62.5,61.9,61.34,62.65,63.57,64,62.84,61.55,61.34,61.45,62.61,62.36,61.35,60.33,62.12,61.38,60.85,60.93,61.19,62.25,62.16,63.4,65.49,64.21,65.74,65.49,64.66,64.67,64.91,,62.85,63.57,63.56,63.73,61.95,63.29,65.58,66.74,67.16,67.39,66.34,66.67,68.75,68.15,68.38,68.92,67.72,68.01,68.16,67.97,68.57,67.5,67.68,68.5,69.79,70,70.04,71.24,71.4,70.51,71.17,71,71.54,71.59,71.35,72.57,72.13,71.83,70.67,67.5,66.47,66.87,68.23,67.1,65.71,64.88,65.53,65.01,65.95,65.56,66.07,66.04,66.62,67,64.38,65.83,65.06,66.22,65.8,69.28,68.19,70.68,72.3,73.28,74.25,74.06,74.28,74.33,73.12,73.92,74.01,74.21,70.61,70.35,70.58,68,67.61,68.98,69.44,70.46,67.8,68.76,69.26,69.54,69.04,70.09,68.43,67.85,68.99,68.68,68.9,69.09,66.78,66.7,67.75,67.41,66.63,64.9,65.45,65.92,66.6,67.35,68.11,67.84,68.52,68.92,68.53,69.7,70.05,69.88,70.1,69.37,68.64,67.89,67.86,67.53,69.91,70.3,68.81,68.98,68.77,69.75,71.44,70.8,70.71,72.27,72.08,72.04,72.19,73.56,75.47,75.04,76.22,74.63,74.29,74.22,74.67,72.63,70.99,71.51,71.72,72.17,70.05,69.82,69.37,69.17,66.09,66.39,66.98,67.62,66.69,66.35,64.86
NYMEX_Crude_open,60.18,60.39,61.96,61.9,61.61,61.92,63.41,63.48,63.56,64.42,64.8,63.92,64.08,63.74,63.6,63.88,64.36,65.87,65.25,66.18,65.54,64.03,64.76,65.99,65.1,63.44,63.93,61.7,60.43,59.12,59.35,58.98,60.71,61.43,61.64,62.44,61.63,61.35,62.6,63.6,64.05,62.8,61.53,61.35,61.58,62.6,62.3,61.34,60.27,62.09,61.34,60.87,60.95,61.19,62.23,62.1,63.69,65.5,64.28,65.88,65.53,64.69,64.69,,65.09,62.89,63.59,63.6,63.7,62,63.3,65.59,66.75,67.2,67.37,66.4,66.67,68.74,68.26,68.22,68.95,67.73,68.04,68.21,68.55,68.56,67.5,67.69,68.51,69.84,70.04,70.05,71.23,71.44,70.51,71.15,71.03,71.56,71.6,71.36,72.53,72.11,71.85,70.65,67.55,66.49,66.86,68.24,67.07,65.7,64.94,65.51,65.08,65.98,65.55,66.09,66.01,66.61,67.01,64.4,65.82,65.11,65.33,65.93,68.75,68.2,70.71,72.27,73.33,73.57,74.1,74.25,74.34,73.16,73.87,74.03,74.23,70.6,70.4,70.52,68,67.61,68.99,69.39,68.17,67.81,68.77,69.41,69.58,69.03,70.05,68.42,67.85,68.98,68.64,68.89,69.09,66.8,66.75,67.79,67.43,66.53,64.93,65.45,65.93,66.62,66.07,68.07,67.88,68.57,68.93,68.54,69.71,70.07,69.89,70.13,69.4,68.65,67.88,67.82,67.52,69.89,70.23,68.8,68.93,68.8,69.74,71.37,70.2,71.2,72.25,72.08,72.03,72.2,73.44,75.41,75.06,76.22,74.63,74.41,74.22,74.69,72.68,70.98,71.89,71.7,72.23,69.99,68.68,69.41,69.55,66.13,66.36,66.95,67.55,66.68,66.33
NYMEX_Crude_high,60.74,61.97,62.21,62.04,61.97,63.48,63.67,64.77,64.5,64.89,64.81,64.17,64.35,63.77,64.14,64.88,66.05,66.66,66.35,66.46,65.56,64.94,66.25,66.3,65.4,64.29,64.18,62.09,60.77,60.83,59.73,60.9,61.64,61.99,62.57,62.74,61.9,63.09,63.73,64.24,64.08,63.44,61.83,61.6,62.79,63.28,62.58,61.4,62.18,62.33,61.97,61.33,61.54,62.54,62.35,63.81,65.55,65.74,66,66.55,66.41,65.13,65.26,,65.42,63.86,63.64,64.12,63.79,63.61,65.86,67.45,67.33,67.76,67.74,66.75,68.91,69.56,68.62,69.03,69.38,68.18,68.78,68.36,69.34,68.9,68.14,68.6,69.97,70.84,70.4,71.36,71.89,71.63,71.26,71.92,71.59,72.3,71.75,72.59,72.83,72.26,72,70.8,67.55,67.35,68.67,68.3,67.34,66.04,65.57,65.96,66.07,66.24,66.35,66.7,66.89,67.16,67.09,65.98,65.9,66.53,66.22,69.38,69.44,70.91,73.06,74.03,74.46,74.35,75.27,74.9,74.8,74.01,74.28,74.7,74.26,71.24,71.66,70.87,68.44,69.06,70.17,71.1,69.31,69.05,69.7,69.92,69.77,70.43,70.22,68.52,69.36,69.24,69.92,69.83,69.37,67.41,67.87,67.95,68.37,66.9,65.52,66.39,66.68,68.1,68.15,68.12,69.31,68.97,69.2,69.76,70.5,70.36,70.21,71.4,69.59,69.02,68.08,68.52,70.01,71.26,70.28,69.91,69.72,70.42,71.5,71.81,71.8,72.74,72.78,72.38,72.6,73.73,75.77,75.91,76.9,76.47,75.22,74.58,75.28,75.08,72.76,72.01,72.7,72.29,72.43,70.02,69.77,69.65,69.66,67.72,67.65,67.88,67.95,67.26,67
NYMEX_Crude_low,60.1,60.28,61.59,61.09,61.34,61.8,63.09,63.43,63.06,64.09,63.39,63.31,63.47,62.85,63.17,63.49,64.34,65.08,64.91,64.98,63.89,63.67,64.63,64.47,63.42,63.12,61.25,60.27,58.07,59.05,58.39,58.2,59.72,60.88,61.63,61.58,60.92,60.75,62.33,63.06,62.64,61.36,60.18,60.13,61.1,62.17,60.58,59.95,60.14,60.67,60.27,60.11,60.82,61.08,61.36,62.08,63.58,64.14,64.11,65.08,64.53,63.72,64.16,,62.8,62.85,62.06,63.07,61.81,61.93,63.2,65.15,66,66.7,66.13,65.56,66.56,67.98,67.5,67.14,67.54,67.11,67.71,67.64,68.35,66.85,66.92,67.21,68.12,69.51,67.63,69.85,70.56,70.45,70.26,70.42,70.66,71.09,70.99,71.25,71.9,71.19,70.52,67.42,65.8,65.92,66.35,66.56,65.51,64.57,64.22,64.27,64.81,65.15,64.85,65.87,65.52,66.36,64.29,63.59,64.39,65.01,64.34,65.71,67.78,67.72,70.56,72.2,72.93,72.51,72.73,73.5,72.53,72.14,72.99,73.65,70.02,69.23,69.84,67.58,67.04,67.04,67.8,69.37,67.6,67.56,68.2,68.92,68.26,68.8,67.98,67.31,66.92,67.87,68.5,68.81,66.32,66.49,66.14,65.71,66.58,64.51,64.43,65.3,65.59,66.52,65.98,67.32,67.78,68.34,68.21,68.37,69.55,69.64,69.53,69.08,68.56,67,66.86,67.33,67.48,69.5,68.35,67.94,68.53,68.53,69.65,70.73,69.98,71.18,71.89,71.47,71.71,71.88,72.95,74.93,74.3,73.88,73.84,73.07,74,72.38,70.51,70.64,70.85,71.02,69.43,68.47,68.56,68.27,65.74,66.05,65.99,66.2,66.29,65.33,64.81
NYMEX_Crude_volume,25854,26372,27919,25505,23879,34359,29275,32040,31415,14987,25105,15812,10570,6211,1091,34754,42741,40967,34041,32599,36913,36058,33147,40737,43285,44719,53860,45728,53760,39744,31717,32100,24938,16786,1366,965,28719,36219,25087,30391,34115,44349,54873,42462,37183,37542,50869,38238,36349,29815,39950,43155,21131,12082,5778,768,45525,37548,47987,40449,41956,46973,35623,,39898,33895,47122,37282,45029,33989,42130,58373,44685,39541,30023,23459,19524,8885,968,45664,59641,54278,44274,37470,44766,44361,50269,43243,43783,44780,94150,53888,44902,38253,30263,43804,31934,28650,15666,5611,965,44953,38397,56974,38408,51296,51279,61188,52122,45803,51427,54098,40191,37108,35363,32065,35918,23781,25627,17852,9004,1008,55533,80077,61145,67676,57608,52815,45397,55698,60939,30759,55743,51851,46193,45614,69725,58590,40696,40861,31473,17325,5317,1089,46945,45372,52158,41370,37213,36849,42069,48182,44054,41695,40083,37513,54304,38072,33590,40115,40508,34897,23012,12165,4959,798,45456,32043,36301,24961,31640,37341,44521,27216,14774,43797,38078,43052,33368,35966,38463,47702,42102,40812,24433,19189,6099,753,55971,40518,40940,38587,33645,38863,43512,31445,49475,42935,43136,38285,41580,43620,54911,44722,43972,37152,38979,22468,6756,729,60136,59135,43650,46445,41675,51508,45058
LME_Nickel_close,12655,12450,12640,12545,12575,12665,12865,12610,12665,12865,12550,12410,12465,12680,12745,12820,13535,13720,13635,13845,13395,13490,13955,13505,13670,13345,13175,13165,12960,13105,13425,13980,14150,13670,13670,13520,13780,13820,13740,13935,13840,13745,13395,13485,13400,13640,13530,13200,13820,13675,13905,13795,13640,13590,13470,13465,13465,13170,12990,13005,12960,13045,13390,13390,13390,13510,13155,13365,13265,13445,13730,13825,13770,13905,14200,14315,15305,15025,14855,14280,14090,14185,14290,13875,13685,13780,13965,13905,13950,,13910,13945,13850,14030,14475,14475,14450,14595,14635,14730,14815,14605,14885,14740,,14845,15070,15295,15410,15500,15755,15640,15420,15445,15265,15255,15650,15280,15170,14980,14720,14960,15075,15370,14790,14900,14865,14790,14940,14565,14340,14140,14195,13960,14065,14170,13945,14245,13970,13630,13545,13665,13405,13510,13375,13600,13715,13780,13780,13895,14065,13390,13350,13510,13685,13875,14040,13880,13805,13535,13425,12880,13340,13555,13615,13560,13580,13240,13420,,13635,13450,13310,12810,12795,12490,12475,12470,12335,12410,12215,12630,12595,12415,12275,12360,12490,12650,13275,12820,12955,12820,12550,12545,12430,12535,12920,12555,12655,12665,12970,12700,12705,12685,12585,12535,12355,12295,12475,12460,12395,12215,12185,11880,11735,11750,11530
1,0,2,2,0,0,0,1,0,1,1,0,4,2,1,1,4,2,1,2,2,1,1,2,0,4,0,0,2,0,1,2,2,0,0,0,0,0,2,0,0,1,1,0,1,3,3,1,0,3,3,0,8,4,1,2,0,0,1,0,1,1,0,3,3,1,2,1,0,0,0,2,2,0,2,2,0,1,0,0,0,2,3,2,0,1,1,1,2,1,1,0,2,1,0,0,0,1,2,2,3,1,0,1,0,0,0,3,1,2,0,5,4,2,0,1,1,2,0,2,0,0,0,1,0,2,0,0,0,1,0,0,2,1,0,0,0,0,0,1,2,1,1,2,0,0,1,0,2,0,0,0,0,1,1,1,1,3,3,2,3,1,2,0,0,1,2,1,0,1,0,1,3,1,1,1,0,0,0,0,1,0,0,4,1,2,1,1,0,2,0,3,0,1,0,3,2,1,1,0,1,0,1,2,1,0,3,0,1,0,0,3,1,2,0,0,2,2
2,0,0,0,0,0,0,0,0,0,0,0,0,0,0,0,0,0,0,0,0,0,0,0,0,0,0,0,0,0,0,0,0,0,0,0,0,0,0,0,0,0,0,0,0,0,0,0,0,0,0,0,0,0,0,0,0,0,0,0,0,0,0,0,0,0,0,0,0,0,0,0,0,0,0,0,0,0,0,0,0,0,0,0,1,0,0,0,0,0,0,0,0,0,0,0,0,0,0,0,0,0,0,0,0,0,0,0,0,0,0,2,0,0,0,0,0,0,0,0,0,0,0,0,0,0,0,0,0,0,0,0,0,1,0,0,0,1,0,0,0,0,0,0,0,0,0,0,0,0,0,0,0,0,0,0,0,0,0,0,0,0,0,0,0,0,0,0,0,0,0,0,0,0,0,0,0,0,0,0,0,0,0,0,0,0,0,1,0,0,0,0,0,0,0,0,0,0,0,0,0,0,0,0,0,0,0,0,0,0,0,0,0,0,0,0,0,0
3,0,0,1,0,0,1,0,0,0,1,0,0,0,0,1,0,0,1,1,0,0,0,1,0,0,1,0,0,0,0,0,0,0,0,0,0,2,0,0,0,1,2,0,1,0,0,0,2,0,0,1,0,1,3,1,0,0,0,0,0,0,2,1,0,2,1,0,1,1,0,1,2,0,1,0,0,0,0,0,0,0,0,0,0,4,0,1,0,0,0,0,3,1,0,0,0,0,0,1,0,0,0,0,0,0,0,0,0,0,0,3,0,0,0,0,1,0,0,0,0,0,0,1,0,0,0,1,0,0,0,0,0,0,3,0,1,0,1,0,1,1,1,0,0,1,0,0,1,1,0,0,0,1,0,0,4,0,0,0,1,0,0,0,0,0,0,1,1,0,0,0,1,1,0,0,0,0,0,1,0,1,0,1,1,1,0,0,0,0,0,0,0,0,0,1,0,0,0,1,4,0,1,1,0,0,0,1,0,1,2,0,1,0,1,1,3,0
4,0,0,0,0,0,0,0,0,0,0,0,0,0,0,0,1,1,0,0,0,1,0,0,0,0,0,0,0,0,0,0,0,0,0,0,0,0,0,0,0,0,0,0,0,0,0,0,0,0,0,0,0,0,1,0,0,0,0,0,0,0,0,0,0,0,0,0,0,0,0,0,0,0,0,0,0,0,1,0,0,0,2,0,1,0,0,0,0,0,0,0,0,0,0,2,0,0,1,0,2,1,0,0,1,0,0,0,0,0,0,0,0,0,0,0,1,0,0,0,0,0,0,0,0,0,0,0,0,0,0,0,0,0,0,1,0,0,0,0,0,1,0,0,0,0,0,0,0,0,0,0,0,1,1,0,0,0,0,0,0,0,0,0,0,0,0,0,0,0,0,0,0,0,0,0,0,1,0,1,0,0,0,0,0,0,2,0,0,0,0,0,0,0,0,0,0,1,0,0,0,0,0,1,0,0,0,0,0,0,0,0,0,0,0,0,0,0
5,0,0,0,0,0,0,0,0,0,0,0,0,0,0,0,0,0,0,0,0,0,0,0,0,0,0,0,0,0,0,0,0,0,0,0,0,0,0,0,0,0,0,2,1,0,0,0,0,0,0,0,0,0,0,0,0,0,0,1,0,0,0,0,0,0,0,0,0,0,0,0,0,0,0,0,0,0,0,0,0,0,0,0,0,0,0,0,0,0,0,0,0,0,0,0,0,0,1,0,0,0,0,0,0,0,0,0,0,0,0,0,0,0,0,0,0,0,0,0,0,0,0,0,0,0,0,0,0,0,0,0,0,0,0,0,0,0,0,0,0,0,0,0,0,1,0,0,0,0,0,0,0,0,0,0,0,0,0,0,0,0,0,0,0,0,0,0,0,0,0,0,0,0,0,0,0,0,0,0,0,0,0,0,0,0,0,0,0,0,0,0,0,0,0,0,0,0,0,0,0,0,0,0,0,0,0,0,0,0,0,0,0,0,0,0,0,0
6,0,0,0,0,0,0,0,0,0,0,0,0,0,0,0,0,0,0,0,0,0,0,0,0,0,0,0,0,0,0,0,0,0,0,0,0,0,0,0,0,0,0,0,1,0,0,0,0,0,0,0,0,0,0,0,0,0,0,0,0,0,0,0,0,1,0,0,0,0,0,1,0,0,0,0,0,0,0,0,0,0,0,1,0,0,0,0,0,0,0,0,0,0,0,0,0,0,0,0,1,0,0,0,0,0,0,0,0,0,0,0,0,0,0,0,0,0,0,0,0,0,0,0,0,0,0,0,0,0,0,0,0,0,0,0,0,0,0,0,0,0,0,0,0,0,0,0,0,0,0,0,0,0,0,0,0,0,0,0,0,0,0,0,0,0,0,0,0,0,0,0,0,0,0,0,0,0,0,0,0,0,0,0,0,0,0,0,0,0,0,1,0,0,0,0,0,0,0,0,0,0,0,0,0,0,0,0,0,0,0,0,0,0,0,2,0,0
7,0,0,0,0,1,0,0,0,0,0,0,0,0,0,0,0,0,0,0,0,0,0,0,0,0,0,0,1,0,0,0,0,0,0,0,0,0,0,0,0,0,0,0,0,0,0,0,0,0,0,0,0,0,0,0,0,0,0,0,0,0,0,0,0,0,0,0,0,0,0,0,0,0,0,0,0,0,0,0,0,0,0,0,0,0,0,0,0,0,0,0,0,0,0,0,0,0,0,0,0,0,0,0,1,0,0,0,0,0,0,0,2,2,0,0,0,0,0,0,0,0,0,0,0,0,0,0,0,0,0,1,0,0,0,0,0,0,0,0,0,0,0,0,0,0,0,0,0,0,0,0,0,0,0,0,0,0,0,0,0,0,1,0,0,1,1,0,0,1,0,0,0,0,0,0,0,0,0,0,0,0,0,0,0,0,0,0,0,0,0,0,0,0,0,0,0,0,0,0,1,0,0,0,0,0,0,0,0,0,1,0,0,0,0,0,0,0
8,0,0,0,0,0,0,0,0,0,0,0,0,1,1,0,0,0,0,0,0,0,0,0,0,0,0,0,0,0,0,0,0,0,0,0,0,0,0,0,0,0,0,0,0,0,0,0,0,0,0,0,0,0,0,0,0,0,0,0,2,0,0,1,0,0,0,0,0,0,0,1,0,0,0,0,0,0,0,0,0,0,0,0,0,0,0,0,0,0,0,0,0,0,0,0,0,0,0,0,0,0,0,0,0,0,0,0,0,0,0,0,0,0,0,0,0,0,0,0,0,0,0,3,0,0,0,0,0,0,0,0,0,0,0,0,0,0,0,0,0,0,0,0,0,0,0,0,0,0,0,0,0,0,0,0,0,0,0,0,0,0,0,0,0,0,0,0,0,1,0,0,0,0,0,0,0,0,0,0,0,0,0,0,0,0,0,0,0,0,0,0,0,0,0,0,0,0,0,0,0,0,0,0,0,0,0,0,0,0,0,0,0,1,0,0,0,0
9,0,0,0,0,0,0,0,0,0,0,0,0,0,0,2,0,0,0,0,0,0,0,0,0,0,0,0,0,0,0,0,0,0,0,0,0,0,0,0,0,0,0,0,0,0,0,0,0,0,0,0,0,0,0,0,0,0,0,0,1,0,0,0,0,0,0,0,0,0,0,1,0,0,0,0,0,0,0,0,0,0,0,0,0,0,0,0,0,0,0,0,0,0,0,0,0,0,0,0,0,0,0,0,0,0,0,0,0,0,0,0,0,0,0,0,0,0,0,0,0,0,0,0,0,0,0,0,0,0,0,0,0,0,0,0,0,1,0,0,0,0,0,0,0,0,0,0,0,0,0,0,0,0,0,1,0,0,0,0,0,0,0,0,0,0,0,0,0,0,0,0,0,0,0,0,0,0,0,0,0,0,0,0,0,0,0,0,0,0,0,0,0,0,0,0,0,0,0,0,0,0,0,0,0,0,0,0,0,0,0,0,0,0,0,0,0,0
10,0,0,0,0,0,0,0,0,0,0,0,0,0,0,0,0,0,0,0,0,0,0,0,0,0,0,0,0,0,1,0,0,0,0,0,0,0,0,0,0,0,0,0,1,0,0,0,0,0,0,0,0,0,0,0,0,0,0,0,0,1,0,0,0,0,0,0,0,0,0,0,1,0,0,0,0,0,0,0,0,0,0,0,0,0,0,1,0,0,0,0,0,0,0,0,0,0,0,0,0,0,0,0,1,0,0,0,0,0,0,1,0,0,0,0,1,0,1,0,0,0,0,0,0,0,0,0,0,0,0,0,0,0,0,0,0,0,0,0,0,0,0,1,0,0,0,0,0,0,0,0,0,0,0,0,0,0,0,0,0,0,0,0,0,1,1,0,0,0,0,0,2,0,0,0,0,0,0,0,0,0,1,0,0,0,1,0,0,0,0,0,0,0,0,0,0,0,0,0,0,0,0,0,0,0,0,0,0,0,0,0,0,0,0,0,1,0
11,2,4,1,1,0,0,0,0,3,0,0,1,0,2,0,2,4,0,0,2,1,0,0,1,1,1,0,0,0,0,2,0,0,0,0,0,3,0,0,0,0,0,0,1,2,0,0,0,0,0,0,1,0,0,0,0,0,0,0,0,0,0,0,0,0,0,0,2,0,0,0,4,0,0,4,2,1,1,1,1,0,2,0,1,0,0,1,0,1,0,0,1,0,0,0,0,0,0,0,1,0,1,1,0,2,0,0,2,0,1,0,0,0,0,0,1,2,1,0,0,1,0,0,0,1,1,1,0,0,1,2,0,0,0,0,0,1,0,0,0,0,0,0,1,1,1,0,0,1,1,0,0,0,0,0,0,0,1,1,0,1,0,0,1,0,0,1,1,0,0,0,1,2,0,0,0,1,0,0,0,0,0,0,2,0,0,0,0,0,0,0,0,0,0,0,0,0,0,0,0,1,1,0,0,2,1,0,1,0,0,1,0,0,0,0,1,0
12,0,1,0,0,1,0,0,1,0,0,0,0,0,0,0,0,0,0,0,0,0,0,0,0,0,0,0,0,0,0,0,0,0,0,0,0,0,0,0,0,0,0,0,0,0,0,0,0,0,0,0,0,0,0,0,0,0,0,0,0,0,0,0,0,0,0,0,0,0,0,0,0,0,0,0,0,0,1,0,0,0,0,0,0,0,0,0,0,0,0,0,0,0,0,0,0,0,0,0,0,0,0,0,0,0,0,0,0,0,0,0,0,0,0,0,0,0,0,0,0,0,0,0,0,0,0,0,0,0,0,0,0,1,0,0,0,0,0,0,0,0,0,0,0,0,0,0,0,0,0,0,0,0,3,0,0,0,0,0,0,0,0,1,0,0,0,0,0,0,0,0,0,0,0,0,0,0,0,0,0,0,0,0,0,0,0,0,0,0,0,0,0,0,0,0,0,0,0,0,0,0,0,0,0,0,1,0,0,0,0,0,0,0,0,0,0,0
13,0,0,0,0,0,3,0,0,0,0,2,0,0,0,0,0,0,0,0,0,0,0,0,0,0,0,0,0,1,0,0,0,0,0,0,0,0,0,0,0,1,1,0,1,1,0,0,0,1,1,0,0,0,0,0,0,0,0,0,0,1,1,0,0,0,0,0,0,1,0,1,1,1,0,0,5,0,0,0,0,1,0,0,0,0,3,0,0,0,0,0,0,0,0,0,0,0,0,0,0,0,1,0,9,0,0,0,0,0,0,3,0,0,0,0,0,0,2,0,0,0,1,0,0,0,1,0,0,0,0,0,0,0,0,0,0,1,0,0,0,0,0,0,0,0,0,0,0,1,0,0,0,0,1,0,0,5,0,0,1,1,0,0,0,1,0,0,0,5,0,0,0,0,0,0,0,2,0,0,0,0,0,0,0,0,0,0,0,0,0,0,0,0,0,0,1,0,0,0,0,0,0,0,0,0,0,0,0,0,1,0,0,0,0,0,0,0
14,0,0,0,0,0,0,0,0,0,0,1,0,0,1,0,0,0,0,0,0,0,0,0,0,1,0,0,0,0,0,0,0,0,0,0,0,0,0,0,0,0,0,0,0,2,0,0,0,0,0,0,0,0,0,0,0,0,0,0,0,0,0,0,0,0,0,0,0,0,0,0,0,0,0,0,0,0,0,0,1,0,0,0,0,0,0,0,0,0,0,0,0,0,1,0,0,0,0,0,0,0,0,0,0,0,0,0,0,0,0,0,0,0,0,0,0,0,0,0,0,0,0,0,0,0,0,1,0,0,0,0,0,0,0,0,0,0,0,0,0,0,0,0,0,0,0,0,1,0,0,0,0,0,0,0,0,0,0,0,0,0,0,0,0,0,0,0,0,0,0,0,0,0,0,0,0,0,0,0,0,0,0,0,0,0,0,0,0,0,0,0,0,0,0,0,0,0,0,0,1,0,0,0,0,1,0,0,0,0,0,0,0,0,0,0,0,0
15,0,0,0,0,0,0,0,1,0,0,0,0,0,0,0,0,0,0,0,0,0,0,0,0,0,0,0,0,1,0,0,0,0,0,0,0,0,0,0,3,0,0,0,0,0,0,0,0,0,0,0,0,0,0,0,0,0,0,0,0,0,0,0,0,0,0,0,0,0,1,0,0,0,0,0,0,0,1,0,0,0,0,1,0,0,0,0,0,0,0,0,0,0,0,0,0,0,0,0,0,0,0,0,0,0,0,1,0,0,0,0,0,0,0,0,0,0,0,0,0,0,0,0,0,0,1,0,0,0,0,1,0,1,0,0,0,2,0,0,0,0,0,0,0,0,0,0,1,0,0,0,0,0,1,0,0,4,0,0,0,0,0,0,0,0,0,0,0,0,0,0,0,0,0,0,0,0,0,0,1,0,0,0,0,0,0,0,0,0,0,0,0,0,0,2,0,1,0,0,0,0,0,0,0,0,0,0,0,0,0,0,0,0,0,0,0,0
16,0,0,0,0,0,0,0,0,0,0,0,0,0,0,0,0,0,0,0,0,0,0,0,0,0,0,1,0,0,0,0,0,0,0,0,0,0,0,0,0,0,0,0,2,0,0,0,0,0,0,0,0,0,0,0,0,0,0,0,0,0,0,0,0,0,0,0,0,0,0,0,0,1,0,0,0,0,0,0,0,0,0,0,0,0,0,0,1,0,0,0,0,0,0,0,0,0,0,0,0,0,0,0,2,0,0,0,0,0,0,0,0,0,0,0,0,0,0,0,0,0,0,0,0,0,0,0,0,0,0,0,0,0,0,0,0,0,0,0,0,0,0,0,0,0,0,0,0,0,0,0,0,0,0,0,0,0,0,0,0,1,0,0,0,0,0,0,0,0,0,0,0,0,0,0,0,0,0,0,0,0,0,0,1,0,0,0,0,0,0,0,0,0,0,0,0,0,0,0,0,0,0,0,0,0,0,0,0,0,1,0,0,0,0,0,0,0
17,0,0,0,0,0,0,0,0,0,0,0,0,0,0,0,0,0,0,0,0,0,0,0,0,0,0,0,2,0,0,0,0,0,0,0,0,0,0,0,0,0,0,0,0,2,0,0,0,0,0,1,0,1,0,0,0,0,1,0,0,0,0,0,0,0,0,0,0,0,0,0,0,1,0,0,0,0,0,0,1,0,0,0,0,0,0,0,0,0,0,0,0,0,0,0,0,0,0,0,0,0,0,0,0,0,0,0,0,0,0,0,0,0,0,0,0,0,0,0,0,0,0,0,0,0,0,0,0,0,0,0,0,0,0,0,0,0,0,0,0,0,0,0,0,0,0,0,0,0,0,0,0,0,1,0,1,0,0,0,0,0,0,0,0,0,0,0,0,0,0,0,0,0,0,0,0,0,0,0,0,0,0,0,0,0,0,0,0,0,0,0,0,0,0,0,0,0,0,0,0,0,0,0,0,0,0,0,0,0,0,0,0,0,0,0,0,0
18,0,0,0,0,0,0,0,0,0,0,0,0,0,0,0,0,0,0,0,0,0,0,0,0,1,0,0,0,0,0,0,0,0,0,0,0,0,0,0,0,1,2,0,0,0,0,0,0,0,0,0,0,0,0,0,0,0,0,0,0,0,0,0,0,0,0,0,0,0,0,0,0,0,0,0,0,0,1,0,0,0,0,0,0,0,0,0,0,0,1,0,0,0,0,0,0,0,0,0,0,0,0,0,0,0,0,0,0,0,0,0,1,0,0,0,0,0,0,0,0,0,0,0,0,0,0,0,0,0,0,0,0,1,0,0,0,0,0,0,0,0,0,1,0,0,0,0,0,0,0,0,0,0,0,0,0,0,0,0,0,0,0,0,0,0,0,0,1,0,0,0,0,0,0,0,0,0,0,0,0,0,0,0,0,0,0,0,0,0,0,0,0,0,0,0,0,0,0,0,0,0,0,0,0,0,0,0,0,0,0,0,0,0,0,0,0,0
19,0,0,0,0,1,1,0,1,1,0,0,1,0,1,0,0,5,0,0,0,0,0,1,0,1,0,0,0,0,0,0,1,0,0,0,0,0,0,0,0,1,0,0,0,0,1,0,1,0,0,0,0,1,1,0,1,0,0,0,3,1,1,2,0,2,2,1,0,0,1,5,2,0,0,0,0,1,0,1,0,1,0,1,1,0,0,2,0,0,0,0,0,0,0,0,0,0,0,1,0,0,0,0,0,0,1,0,1,0,1,0,0,1,0,0,0,0,0,0,0,0,0,3,0,0,1,0,1,0,0,0,0,0,0,0,0,0,0,0,0,0,0,0,0,0,1,0,1,1,0,0,1,0,0,0,0,0,0,0,0,0,0,0,0,0,0,0,0,1,1,1,1,0,1,0,0,2,0,1,0,0,0,0,0,1,1,0,0,2,0,0,1,1,0,1,0,0,1,0,1,0,0,0,0,0,3,2,1,0,0,3,1,1,0,2,0,0
20,2,6,3,1,3,1,1,1,2,4,2,2,2,2,0,3,1,1,0,1,2,0,4,2,1,0,1,1,0,1,0,0,0,0,0,1,1,1,2,1,4,1,2,0,2,0,1,5,2,0,1,1,3,4,4,1,0,3,0,0,0,0,1,1,2,2,1,1,0,1,0,2,0,2,3,5,2,4,0,2,5,0,1,2,3,0,0,3,0,3,1,0,1,2,3,3,1,1,2,2,2,2,1,3,0,1,2,0,5,3,4,1,2,3,2,5,0,1,5,3,2,4,1,3,5,3,2,1,4,3,3,0,3,1,3,4,0,4,1,2,0,1,2,0,1,3,0,0,0,1,4,1,5,3,1,0,2,5,1,0,1,0,0,1,1,2,3,0,0,1,2,1,3,3,4,4,3,2,2,4,2,3,3,2,2,3,1,0,1,4,2,2,1,0,3,2,5,1,0,1,4,0,2,2,1,1,5,1,0,1,1,7,2,0,1,2,2
21,0,0,0,0,0,0,0,0,0,0,0,0,0,0,0,0,0,0,0,0,0,0,0,0,0,0,0,0,0,0,0,0,0,0,0,0,0,0,0,0,1,1,0,1,0,0,0,0,0,0,0,0,0,0,0,0,0,0,0,0,0,0,0,0,0,0,0,0,0,0,0,0,0,0,0,0,0,0,0,0,0,0,0,0,0,0,0,0,0,0,0,0,0,0,0,0,0,0,0,0,0,0,0,0,0,0,0,0,0,0,0,0,0,0,0,0,0,0,0,0,0,0,0,0,0,0,0,0,0,0,0,0,0,0,0,0,0,0,0,0,0,0,0,0,0,0,0,0,0,0,0,0,0,0,0,0,0,0,0,0,0,0,0,0,0,0,0,0,0,0,0,0,0,0,0,0,0,1,0,0,0,0,0,0,1,1,0,0,0,0,0,0,0,0,0,0,0,0,0,0,0,0,0,0,0,0,0,1,0,0,0,1,0,0,0,0,0
22,0,0,0,0,0,0,0,0,0,0,0,0,0,0,0,0,0,0,0,0,0,0,0,1,0,0,0,0,0,0,0,0,0,0,1,0,0,0,0,0,0,0,0,0,0,0,1,0,0,0,0,0,1,0,0,0,0,0,0,0,0,1,0,2,1,0,0,1,0,0,0,0,0,0,0,0,0,0,0,0,0,0,0,0,0,0,0,0,0,0,0,0,0,0,0,0,0,0,0,1,0,1,0,4,0,1,0,0,1,0,0,0,0,0,0,0,0,0,0,0,1,0,0,0,0,1,0,0,0,0,0,0,0,0,1,0,1,0,1,0,0,0,0,0,0,0,0,0,0,0,2,0,0,0,1,0,0,0,0,0,1,0,0,4,0,0,0,0,5,0,1,1,1,0,0,2,0,0,0,0,0,0,0,1,0,1,0,0,0,0,0,1,1,2,0,0,0,0,0,0,0,0,0,0,0,0,0,0,0,2,2,0,0,0,1,0,0
23,0,1,0,0,0,1,0,0,0,0,1,0,1,1,0,0,1,0,0,1,1,2,0,0,0,1,1,2,0,0,0,0,0,0,1,0,1,1,0,0,1,0,0,0,1,1,1,0,0,0,0,1,1,0,0,0,1,3,1,0,2,2,0,1,0,0,0,3,0,2,1,0,1,0,0,1,1,0,0,1,0,0,0,1,0,0,0,0,1,1,0,0,0,1,0,2,2,0,0,2,0,2,0,0,2,1,1,0,0,1,0,0,0,0,0,0,0,1,0,0,0,1,0,1,0,0,0,0,1,0,0,0,0,0,1,1,0,0,1,0,0,0,0,0,0,0,0,0,0,0,2,0,0,1,0,0,2,0,0,0,2,0,0,0,0,0,1,2,0,2,0,0,1,0,0,0,0,1,0,0,0,0,0,0,0,0,0,2,0,0,0,0,0,2,0,0,0,0,1,0,1,1,1,0,0,0,0,0,0,0,0,0,0,0,0,0,1
24,0,0,0,0,0,0,0,0,0,0,0,0,0,0,0,0,0,0,0,0,0,0,0,0,0,0,0,0,0,0,0,0,0,0,0,0,0,0,0,0,0,0,0,0,0,0,0,0,0,0,0,0,0,0,0,0,0,0,0,0,0,0,0,0,0,0,0,0,0,0,0,0,0,0,1,0,0,0,0,1,0,0,0,0,0,0,0,0,0,0,0,0,0,0,0,0,0,0,0,0,0,0,0,0,0,0,0,0,0,0,0,0,0,0,0,0,0,0,0,0,0,0,0,0,0,0,0,0,0,0,0,0,0,0,0,0,0,0,0,0,0,0,1,0,0,0,0,0,0,0,0,0,0,0,0,0,0,0,0,0,0,0,0,0,0,0,0,0,0,0,0,0,0,0,0,0,0,0,0,0,0,0,0,0,0,0,0,0,0,1,0,0,0,1,0,0,0,0,0,0,0,0,1,0,0,0,0,0,0,0,0,0,0,0,0,0,1
25,0,1,2,0,2,1,0,0,0,0,0,2,0,1,0,3,0,1,1,0,1,1,2,0,0,0,0,0,0,0,1,0,0,0,1,1,0,0,1,0,2,0,1,4,0,1,1,1,1,0,0,0,0,0,0,0,0,2,1,0,2,1,0,0,0,0,1,0,0,1,0,0,3,0,2,0,1,2,3,0,1,0,0,0,0,0,1,0,0,1,1,1,3,0,2,1,1,1,0,0,1,3,1,2,0,1,0,0,0,0,0,0,0,1,0,1,0,2,0,0,1,0,0,2,0,6,3,2,0,0,1,0,1,1,1,1,0,0,0,1,0,0,1,1,4,1,0,4,0,0,0,0,0,0,1,0,0,0,1,1,1,1,2,1,0,0,1,0,0,0,0,0,0,1,0,1,0,0,0,0,0,0,0,0,0,1,0,1,0,0,0,0,0,0,0,0,0,0,0,1,1,0,0,0,1,2,0,0,0,0,1,1,0,0,2,1,3
26,0,0,1,0,1,0,1,1,0,0,1,0,0,0,0,0,0,0,0,0,0,0,1,0,3,0,0,0,0,0,0,0,0,0,0,0,0,1,0,0,0,0,0,0,0,0,1,1,0,1,0,0,0,0,0,0,0,1,1,0,1,0,0,0,0,0,0,0,0,0,0,0,1,0,0,0,0,0,0,0,0,0,0,1,0,0,0,0,0,0,0,0,1,0,0,0,0,0,0,0,0,1,0,1,0,0,0,0,0,0,0,0,0,1,0,0,0,0,0,0,0,0,0,1,0,2,0,0,0,0,0,0,0,0,0,0,0,0,0,0,0,0,1,0,0,0,0,0,0,0,0,0,2,1,0,0,0,0,0,0,1,1,1,0,0,1,0,0,0,0,0,0,0,0,0,0,0,1,1,0,0,0,0,0,3,3,0,0,0,0,0,1,0,0,0,0,0,0,0,0,0,0,0,0,0,0,0,1,0,0,0,1,0,0,0,0,0
27,0,0,0,0,0,1,0,0,1,0,1,0,0,0,0,0,0,0,0,0,0,0,0,0,0,0,0,1,0,0,0,0,0,0,0,0,0,1,0,0,1,1,1,1,0,0,2,0,0,0,0,0,0,0,0,0,0,0,1,0,0,1,0,0,0,2,1,0,1,0,0,1,1,0,0,3,0,0,0,0,1,0,0,0,0,3,0,1,0,0,0,0,0,0,0,0,1,0,0,0,0,1,0,8,1,0,0,0,0,0,2,0,0,0,0,0,0,2,0,0,0,0,0,1,0,1,0,0,0,0,0,0,0,0,0,0,2,0,0,0,0,0,2,0,0,1,0,0,0,0,0,0,0,0,0,0,0,0,0,0,2,0,0,0,1,0,0,0,5,0,0,0,0,0,0,0,0,0,0,0,0,0,0,0,0,0,0,0,0,0,0,0,0,0,0,0,1,0,1,0,0,0,0,0,0,0,2,0,0,0,1,0,1,0,0,0,0
28,0,0,0,0,0,0,0,1,0,0,0,0,0,0,0,0,0,0,0,0,0,0,0,0,0,1,0,0,1,0,0,0,0,0,0,0,0,0,3,0,0,1,0,0,0,0,0,0,0,0,0,0,0,0,0,0,0,0,0,0,0,0,0,0,0,0,0,0,0,0,0,0,0,0,0,0,0,1,0,0,0,0,0,0,0,0,0,0,0,0,0,0,0,0,0,0,0,0,0,0,0,0,0,0,0,0,0,0,0,0,0,0,0,0,0,0,0,0,0,0,0,0,0,0,0,0,0,0,0,0,1,0,1,0,0,0,2,0,0,0,0,0,0,0,0,0,0,1,0,0,0,0,0,1,0,1,5,0,0,0,0,0,0,0,0,0,0,0,0,0,1,0,0,0,0,0,0,0,0,1,0,0,0,0,0,0,0,0,0,0,0,0,0,0,0,0,0,0,0,0,0,0,0,0,0,0,0,0,0,0,0,0,0,0,0,0,0
29,0,0,3,0,0,0,0,1,3,2,2,2,1,2,1,0,0,1,1,1,0,0,1,0,0,0,2,2,0,0,3,1,0,0,0,1,0,3,1,1,2,2,1,4,1,1,8,4,7,2,0,1,1,6,0,1,8,5,4,2,5,0,6,4,1,1,0,1,1,4,1,1,1,2,1,0,1,4,0,2,1,0,1,2,1,1,0,3,2,3,2,0,3,1,2,2,2,2,2,0,1,4,0,7,2,2,2,0,0,1,1,1,2,4,0,3,2,1,2,0,4,5,3,1,0,5,3,0,4,0,0,1,1,3,0,0,1,2,1,5,2,0,1,3,0,1,1,2,0,0,0,1,0,2,1,0,2,1,1,0,3,1,0,1,1,1,2,1,6,0,1,2,0,0,0,1,2,0,0,0,0,3,0,0,0,0,0,3,0,1,0,0,0,1,2,3,1,0,1,0,0,0,0,2,0,1,1,2,2,1,2,3,2,0,1,0,0
30,0,0,0,0,0,1,0,0,0,0,0,1,0,1,0,0,0,0,0,0,0,0,0,0,0,0,0,0,0,0,0,0,0,0,0,0,0,0,0,0,0,0,0,0,0,0,0,0,0,0,0,0,1,0,0,0,0,0,0,0,0,0,0,0,0,0,0,0,0,0,0,0,0,0,0,0,0,0,0,0,0,0,0,0,0,0,0,0,0,0,0,0,0,0,0,0,0,0,0,0,0,0,0,0,0,0,0,0,0,0,0,0,0,0,0,0,0,0,0,0,0,0,0,0,0,0,0,1,0,0,0,0,0,0,0,0,0,0,0,0,0,0,0,0,0,0,0,1,0,0,0,0,0,0,0,0,0,0,0,0,0,0,0,0,0,1,0,0,0,0,0,0,0,0,0,0,0,0,0,0,0,0,0,0,1,0,0,0,0,0,0,0,0,0,0,0,0,0,0,0,0,0,0,0,0,0,2,0,0,0,0,0,0,0,0,0,0
31,0,0,0,0,0,0,0,0,0,0,0,0,0,0,0,0,0,0,0,0,0,0,0,0,0,0,0,0,0,0,0,0,0,0,0,0,0,0,0,0,0,0,0,2,0,0,0,0,0,0,0,0,0,0,0,0,0,0,0,0,0,1,0,0,0,0,0,1,0,0,0,0,0,0,0,0,0,0,0,0,0,0,0,0,0,0,0,1,0,0,0,0,0,0,0,0,0,0,0,1,0,0,0,0,0,0,0,0,0,0,0,0,0,0,0,0,0,0,0,0,1,0,0,0,0,0,0,0,0,0,0,0,0,0,0,0,0,0,0,1,0,0,0,0,0,0,0,0,0,0,0,0,0,0,0,0,0,0,0,0,0,0,0,0,0,0,0,0,0,0,0,0,0,0,0,0,0,0,0,0,0,0,0,0,0,0,0,0,0,0,0,0,0,0,0,0,0,0,0,0,0,0,0,0,0,0,0,0,0,0,0,0,0,0,0,0,0
32,0,0,0,0,0,0,0,0,0,0,0,0,0,0,0,0,0,0,0,0,0,0,0,0,0,0,0,0,0,0,0,0,0,0,0,0,0,0,0,0,0,0,0,0,0,0,0,0,0,0,0,0,0,0,0,0,0,0,0,0,0,0,0,0,0,0,0,0,0,0,0,1,0,0,0,0,0,0,0,0,0,0,0,0,0,0,0,0,0,0,0,0,0,0,0,0,0,0,0,0,0,0,0,0,0,0,0,0,0,0,0,0,0,0,0,0,0,0,0,0,0,0,0,0,0,0,0,0,0,0,0,0,0,0,0,0,1,0,0,0,0,1,0,0,0,0,0,0,0,0,0,0,0,0,0,0,0,0,0,0,1,0,0,0,0,0,0,0,0,0,0,0,0,0,0,0,0,0,0,0,0,0,0,0,0,0,0,1,0,0,0,0,0,0,0,0,0,0,0,0,0,0,0,0,0,0,0,0,0,0,0,0,0,0,0,0,0
33,0,0,0,0,0,0,0,0,0,0,0,0,0,0,0,0,0,1,0,0,0,0,0,0,0,0,0,0,0,0,0,0,0,0,0,0,3,0,0,0,0,0,0,0,1,0,2,1,0,0,0,0,0,0,0,0,0,0,0,0,0,1,0,0,0,0,0,1,1,0,0,0,0,0,0,0,0,0,0,0,0,1,1,0,0,1,1,0,0,0,0,0,0,0,0,0,0,0,0,0,0,0,0,0,0,0,0,0,0,0,0,0,0,0,0,0,0,0,0,0,0,0,0,0,0,0,0,0,0,0,0,0,0,0,0,0,0,0,1,0,0,0,0,0,0,0,0,0,1,0,0,0,0,0,0,0,0,0,0,0,0,0,0,0,0,0,1,0,0,0,0,0,0,0,0,0,1,0,0,1,0,0,0,0,0,0,0,0,0,0,0,0,0,0,0,1,0,0,0,0,0,0,0,0,0,0,0,0,1,0,0,0,1,0,0,0,0
34,0,0,0,0,0,0,0,0,0,0,0,0,0,0,0,0,0,0,0,1,0,0,0,0,0,0,0,0,0,0,0,0,0,0,0,0,0,0,0,0,0,0,0,0,0,0,0,0,2,0,0,0,0,1,2,0,0,0,0,0,0,0,0,0,0,0,0,0,0,0,0,0,0,0,0,0,0,0,0,0,0,0,1,0,3,0,0,0,0,0,0,0,0,0,0,0,0,0,0,0,0,0,0,0,0,0,0,0,0,0,0,0,0,0,0,0,0,0,0,0,0,0,0,1,0,0,0,0,0,0,0,0,0,0,0,0,0,0,0,1,0,0,0,0,0,0,0,0,0,0,0,0,0,0,0,0,0,0,0,0,0,0,0,0,0,0,0,0,0,0,0,0,0,0,0,0,0,0,0,0,0,0,0,0,0,0,0,0,0,0,0,0,0,0,0,0,0,0,0,0,0,0,0,0,2,0,0,0,0,0,0,0,0,0,0,0,0
35,0,0,0,0,0,0,0,0,0,0,0,0,0,0,0,0,0,0,0,0,0,0,0,0,0,0,0,0,0,0,0,0,0,0,0,0,0,0,2,0,0,0,0,0,0,0,0,0,0,0,0,0,0,0,0,0,0,0,0,1,0,1,0,0,0,0,0,0,0,0,0,0,0,0,0,0,0,0,0,0,0,0,0,0,0,0,0,0,0,0,0,0,0,0,0,0,0,0,0,0,0,0,0,0,0,0,0,0,0,0,0,0,0,0,0,0,0,0,0,0,0,0,0,0,0,0,0,0,0,0,0,0,1,0,0,0,0,0,0,0,0,0,0,0,0,0,0,0,0,0,0,0,0,0,0,0,0,0,0,0,0,0,0,0,0,1,0,0,0,0,0,0,0,0,0,0,0,0,0,0,0,0,0,0,0,0,0,0,0,0,0,0,0,0,0,0,0,0,0,0,0,0,0,0,0,0,0,0,0,0,0,0,0,0,0,0,0
36,0,0,0,0,0,0,0,0,0,0,0,0,0,0,0,0,0,0,0,0,0,0,0,0,0,0,0,0,0,0,0,0,0,0,0,0,0,0,2,0,0,0,0,0,0,0,0,0,0,0,0,0,0,0,0,0,0,0,0,0,0,0,0,0,0,0,0,0,0,0,0,0,0,0,0,0,0,0,0,0,0,0,0,0,0,0,0,0,0,0,1,0,1,0,0,0,0,0,0,0,0,0,0,0,0,0,0,0,0,0,0,0,0,0,0,0,0,0,0,0,0,0,0,0,0,0,0,0,0,0,0,0,1,0,0,0,0,0,0,0,0,0,0,0,0,0,0,0,0,0,0,0,0,0,0,0,0,0,0,0,0,0,0,0,0,1,0,0,0,0,0,0,0,0,0,1,0,0,0,0,0,0,0,0,0,0,0,0,0,0,0,0,0,0,0,0,0,0,0,0,0,0,0,0,0,0,0,0,0,0,0,0,0,0,0,0,0
37,0,0,0,0,0,0,0,0,0,0,0,2,0,0,0,0,0,0,0,0,0,0,1,0,0,2,0,0,0,0,0,0,0,0,0,0,0,0,0,0,0,0,0,0,0,0,0,0,0,0,0,0,0,0,0,0,0,0,1,0,0,0,0,0,0,0,0,0,0,0,0,0,0,0,0,0,0,0,0,0,0,0,0,0,0,0,0,0,0,0,0,0,0,0,0,0,0,0,0,0,0,0,0,0,2,0,0,0,0,0,0,0,0,0,0,0,0,0,0,0,0,0,0,0,0,0,0,0,0,0,0,0,0,0,0,0,0,0,0,0,0,0,0,0,0,0,0,0,0,0,0,0,0,0,0,0,0,0,0,0,1,0,0,0,0,0,0,0,0,0,0,0,0,0,0,0,0,0,0,1,0,0,0,0,0,1,0,0,0,0,0,0,0,0,0,1,0,0,0,0,0,0,0,0,0,0,0,0,0,0,0,2,0,0,0,0,0
38,0,0,1,0,0,0,0,0,0,1,0,0,0,0,0,0,0,0,0,1,1,0,0,0,0,0,0,1,0,0,0,0,0,0,0,0,0,0,0,0,0,0,0,0,1,1,0,0,0,0,0,0,0,0,0,0,0,0,0,0,0,0,0,0,0,0,0,0,0,0,1,3,0,0,0,0,0,0,0,0,1,0,0,0,0,1,0,0,1,0,0,1,0,0,0,0,1,0,0,0,1,0,1,0,0,0,0,0,0,0,0,0,0,1,1,0,0,0,0,0,1,0,0,0,0,0,0,0,1,0,1,0,1,0,1,0,0,0,0,0,0,0,0,0,0,0,1,2,0,2,0,0,0,0,1,0,0,0,0,0,1,1,0,0,0,0,0,0,0,0,0,0,0,0,0,0,0,0,0,0,0,0,0,0,0,0,0,0,0,0,0,0,1,0,0,0,0,0,0,0,0,0,0,0,0,0,0,0,0,0,0,0,0,0,0,0,0
